id,name,addr_str,addr_city,addr_ste,addr_ctry,addr_zip
1,Harrison PLC,633 Jeffrey Drives Apt. 891,Freemanton,AS,USA,09034
2,"Holder, George and Allen",25406 Robertson Island Suite 122,South William,PA,USA,19941
3,Wallace-Vasquez,866 Michael Square,East Vickie,FM,USA,54332
4,"Cummings, Hogan and Reynolds",20951 Thornton Lane,East Tonymouth,DE,USA,47706
5,Stanton-Anderson,4401 Robbins Motorway,Joshuaview,MS,USA,43003
6,White-Roberts,19389 Mckinney Via,Williamchester,AS,USA,08492
7,Carpenter-Banks,798 Lewis Path Suite 677,Robinsonfort,CO,USA,10006
8,Long Ltd,7359 Thompson Ferry,New Stephaniehaven,PW,USA,28838
9,Flynn PLC,7883 Thompson Shoal Suite 219,Lake Timothy,KS,USA,52072
10,Wheeler and Sons,43964 Andrea Shores Apt. 535,East Randy,AZ,USA,20211
11,Horton Inc,2645 Karen Circles Apt. 246,Campbellmouth,PW,USA,68148
12,Simpson and Sons,466 Andrea Plains Suite 959,Griffinville,LA,USA,71172
13,White Ltd,868 Douglas Land,Alexisfort,VI,USA,49489
14,Casey-Rodriguez,578 Joshua Union,Gonzalezchester,RI,USA,77176
15,Wilson PLC,6955 Elizabeth Spur Apt. 809,Tuckerfurt,OR,USA,36958
16,"Rivers, Alvarado and Webb",105 Amanda Mall Apt. 987,South Donna,IA,USA,71841
17,Lewis Inc,8700 Floyd Views Suite 129,Jeanetteborough,NV,USA,48650
18,"Reed, Williams and Morgan",266 Hall Crossroad,New Jennifer,GU,USA,52874
19,"Navarro, Martinez and Ryan",18041 Michael Orchard,Walkermouth,PA,USA,56928
20,Bentley LLC,625 Rollins Mill Suite 611,Kristinaport,SC,USA,14580
21,Koch-Lowe,959 White Knoll,Pamburgh,CA,USA,17090
22,Parker-Powell,050 Nicholas Canyon,Garciashire,SC,USA,11211
23,"Parker, Gutierrez and Sheppard",5296 Laura Square,Lake Tinamouth,GU,USA,84738
24,Reyes-Cooke,93631 Jimenez Key Suite 491,Port Becky,VA,USA,18895
25,Lopez-Freeman,54866 Michael Rue,Fosterville,AR,USA,83868
26,Watkins-Melendez,52550 Diaz Glen,Kennethside,ID,USA,55884
27,Porter-Trujillo,4724 Carolyn Mission,Mooremouth,IN,USA,11736
28,"Parker, Thomas and Washington",6277 Jessica Greens,Jacksonmouth,FM,USA,15420
29,"Todd, Sanchez and Franklin",758 James Union Suite 306,East Joshua,CA,USA,68290
30,Walker and Sons,4984 Mark Lights,Hollyton,IL,USA,31891
31,"Smith, Shaw and King",8475 Haley Ridge Apt. 440,Deborahchester,DE,USA,81025
32,"Burke, Poole and Willis",706 Alexandria Fords,West Adamton,FM,USA,38330
33,Brady-Bartlett,9882 Raymond Plaza,Jeffreyville,PR,USA,32330
34,Sanchez-Richardson,6100 Kim Run,South Kennethville,SD,USA,86166
35,"Guzman, Perez and Cooper",19844 Vasquez Points Suite 136,Benjaminfort,CA,USA,49188
36,"Miles, Payne and Williams",358 Nicholas Centers Apt. 247,East Ericland,MS,USA,53712
37,Johnson-Ponce,2283 Mark Burgs Suite 321,West Ashley,WA,USA,72625
38,"Parks, Davis and Marshall",895 Chelsea Locks Apt. 473,Port Billy,HI,USA,09726
39,Mcdaniel-Brown,493 Taylor Junctions,Joseburgh,MO,USA,35974
40,Sanders Inc,928 Hunt Crossroad,North Dominique,MN,USA,36854
41,Hodges Inc,97021 Reyes Flats,Peterborough,UT,USA,83886
42,Simmons-Gilmore,9765 Wells Gardens Suite 021,South Tiffany,PW,USA,19196
43,Moore and Sons,3645 Robert Stream Apt. 853,Richardsbury,VI,USA,10383
44,Hoffman Inc,918 Sharon Rue,Lake Frederickchester,MP,USA,63336
45,Erickson-Martinez,8637 Smith Highway Apt. 183,East Robin,IL,USA,51624
46,"Garcia, Gonzalez and Shaffer",244 Randall Canyon,East Conniemouth,DE,USA,75384
47,Smith-Johnson,2531 Young Burg,Rachaelland,NH,USA,87772
48,"Phillips, Hunter and Jenkins",25772 Fischer Streets,Lake Jenniferchester,HI,USA,20825
49,Martinez-Woodward,510 Boyer Way,Cummingsside,FL,USA,73391
50,Brown-Elliott,9805 Michelle Plains,Jamesview,NY,USA,43470
51,Reeves-Key,69874 Green Islands Apt. 571,Brownstad,UT,USA,55912
52,Taylor-Mendez,2387 Long Road,Edwardstad,MT,USA,76456
53,Clark Ltd,84653 Wendy Village Suite 342,East Heidi,DC,USA,38021
54,Hale-Murray,0270 Sergio Drives,Weissside,MH,USA,79514
55,Burns-Villanueva,9492 Richard Tunnel,West David,NC,USA,78433
56,Rogers-Brown,6360 Michelle Spring Apt. 278,Michaelfort,HI,USA,50195
57,Martinez-Harmon,325 Julie Ford,New Andrewburgh,MD,USA,22195
58,Fields-Wood,355 Jacob Shoal,South Debra,NJ,USA,73672
59,"Salas, Martinez and Price",22161 Harrell Cliff Suite 652,Port Samuelborough,MH,USA,79188
60,Brown Ltd,388 Mccarthy Union,Madelinehaven,ND,USA,15792
61,Harrison Inc,008 Allen Mews,Greenview,GA,USA,70248
62,Edwards-Gutierrez,68189 Tracy Passage,Sarahberg,PW,USA,72699
63,"Rodriguez, Carter and Brown",080 Benjamin Corner Apt. 960,North Thomas,WV,USA,95414
64,Morrow LLC,8988 Young Drive,New Sara,NM,USA,52685
65,"Lester, Frazier and Hall",8514 Hartman Pass Suite 104,Jaclynborough,MT,USA,48714
66,Carter Group,812 Christy Groves,Lake Marcport,NV,USA,34927
67,"Cruz, Rivera and Wang",7990 Melissa Lane Apt. 919,Angelaburgh,RI,USA,88676
68,Cameron and Sons,71042 Jacqueline Fields Apt. 871,Smithmouth,VA,USA,58048
69,Joseph-Parker,81990 Jackson Highway,Lake Williamfurt,ND,USA,47227
70,Smith-Parker,192 Andrea Divide,North Katherineport,MD,USA,65343
71,Weiss-Williams,5288 Jonathan Square,North Evanville,CO,USA,32319
72,Davis Inc,2517 Chad Plains,West Wandaview,MD,USA,50820
73,Martin Group,82947 Luis Wells Suite 134,North Regina,AZ,USA,26574
74,Anderson LLC,54581 Smith Causeway Apt. 311,Owensmouth,CT,USA,54148
75,Holland-Castaneda,080 David Fords,Nathanmouth,NY,USA,61601
76,"Webster, Vega and Berry",8942 Boyd Hill Suite 105,Jaredville,OH,USA,55830
77,"Johnson, Parker and Pollard",4862 Heather Spring,East Kennethfort,MI,USA,20640
78,Brown-Jackson,20590 Jeffrey Brook Suite 034,Port Juan,DE,USA,07533
79,Thomas-Strong,03189 Kayla Road,East Paulborough,NM,USA,53781
80,"Miller, Rose and Parker",3436 Pacheco Summit,Pereztown,NM,USA,66813
81,Brown-Hartman,6155 Stone Turnpike Apt. 648,Ericachester,TN,USA,96220
82,Mason LLC,13532 Cameron Alley,South Brandon,UT,USA,84948
83,Reeves and Sons,100 Stephen View,Williamfort,VA,USA,01822
84,Harris Group,523 Rose Tunnel,East Anthony,AS,USA,03584
85,Orr LLC,951 Ruben Spring,South Monica,PW,USA,49598
86,Griffin-Booker,809 Rich Well,Woodsland,MP,USA,55266
87,Luna-Cooper,246 Allen Corner,Mckenzieville,SD,USA,58413
88,Stephens-May,6793 Brittany Rue Suite 156,Ariasberg,SC,USA,83764
89,"Ferguson, Green and Jones",323 Ashley Terrace Apt. 959,Timothyborough,LA,USA,08254
90,Cook LLC,614 Davis Harbors,Lorifort,MO,USA,35717
91,"Johns, Garrison and Lewis",37819 Brandon Field Apt. 806,East Sandra,PR,USA,24719
92,"Rose, Alvarado and Oliver",74102 Alexandra Trace,Willishaven,WY,USA,75033
93,"Perkins, Cook and Travis",80850 Leonard Rue Apt. 985,Teresaland,HI,USA,48647
94,"Nunez, Robinson and Adams",0754 Lee Village,Patrickview,MT,USA,86735
95,Roberson Ltd,4412 Hutchinson Track Suite 047,West Victoria,NC,USA,12700
96,Mcdaniel PLC,915 Daniels Hollow Suite 032,Daughertyport,MI,USA,86611
97,Wells-Pearson,62464 Welch Divide Suite 156,Brittanyville,SD,USA,99767
98,Richards Ltd,11500 Brenda Port Suite 439,Heatherton,CO,USA,80595
99,Boyer-Shaw,547 Cooper Trail Suite 635,New Connor,KY,USA,62316
100,Maynard-Booth,1630 Jennifer Unions Apt. 045,Port Madelineborough,FM,USA,39861
101,Evans-Taylor,2122 Debra Junction Suite 011,South Lauren,WI,USA,47825
102,Mason-Parsons,79776 Johnson Mall Suite 332,Andersonport,MD,USA,80752
103,"Dawson, West and Pace",501 Shepard Parkways Apt. 189,South Amanda,NH,USA,69470
104,"Benjamin, Ochoa and Horton",8820 Huff Light,Aaronland,CT,USA,78201
105,Washington Ltd,43222 Glenn Alley,Christinefurt,WA,USA,56448
106,Jones and Sons,17840 Nicholas Port Apt. 290,East Maryshire,LA,USA,95993
107,"Lopez, Weaver and Cross",595 Pamela Lodge Suite 635,Kimberlyfurt,ME,USA,19639
108,"Castillo, English and Flowers",2980 Kimberly Village,Shannonview,OH,USA,26981
109,Vargas-Joyce,980 Amanda Shoals Suite 775,Port Dennisville,WV,USA,66913
110,"Vincent, Valenzuela and Durham",8627 Curtis Lakes Apt. 413,Port Julieton,OH,USA,42641
111,"Larson, Jones and Jones",2992 Sharon Landing,Kathrynbury,PW,USA,01783
112,Ortega Inc,23355 Mckinney Pine Suite 083,Dianaview,ME,USA,03873
113,Perez LLC,7431 Leonard Heights,Lake Monicaside,IA,USA,15618
114,Harris-Flores,3495 Tyler Way,Smallstad,AR,USA,02295
115,"Griffin, Jimenez and Hernandez",80332 Cynthia Throughway,Port Jasonside,IN,USA,03578
116,Simmons PLC,256 Peterson Springs,Lake Sharonview,FM,USA,94478
117,Scott-Hall,93481 Nicholas Skyway,Michaelmouth,AS,USA,22612
118,Murray-Mullins,79936 Preston Causeway Apt. 395,Lake Joshua,NM,USA,93343
119,Smith LLC,78266 Cynthia Trace Apt. 922,West Tinabury,PR,USA,68932
120,Sanford Group,12446 Craig Corner Apt. 650,South Pennymouth,NJ,USA,44632
121,"Keith, Hayes and Maldonado",1107 Robert Mews Suite 810,Rogersstad,MN,USA,71242
122,Flores LLC,48302 Prince Hills,North Deannaton,VT,USA,36658
123,Lane PLC,942 Bennett Islands,Port Wesleyville,AS,USA,09792
124,Dennis and Sons,01989 Smith Ridges Apt. 809,East Cody,WV,USA,45869
125,"Green, Jordan and Collins",36720 Nathaniel Isle Suite 060,Lake Danastad,GA,USA,86057
126,Diaz Inc,85134 Sharon Parkways,Harmontown,FL,USA,23752
127,Mitchell and Sons,91929 Scott Flats,North David,NH,USA,77007
128,Ross-Rodriguez,148 Barrett Freeway Apt. 483,Longstad,MD,USA,22788
129,"Hill, Bryan and Taylor",31544 Kenneth Villages Apt. 648,Lake Charlene,NE,USA,74847
130,Colon-Graves,041 Sara Extension Suite 805,West Jessica,SD,USA,07219
131,"Sullivan, Shaffer and Tran",618 Mercado Valley Suite 054,Christinaside,KY,USA,03672
132,Ramirez LLC,90748 Davis Pike,Evantown,MN,USA,49915
133,Stephens-Walker,48156 Michael Hills Suite 313,Port Latoya,CA,USA,93742
134,"Glover, Herrera and Walker",423 Erin Fork Suite 310,Rodneytown,MS,USA,02391
135,"Kaufman, Galvan and Miller",5769 Burgess Villages,Sarahfort,WI,USA,68537
136,Golden Group,472 John Shore,East Benjamin,AR,USA,29320
137,Jones PLC,4022 Kristin Streets,North Ryanfort,LA,USA,50058
138,Bailey-Gonzalez,19550 Daniel Loop Suite 658,West Alexis,MA,USA,48203
139,Walker-Houston,1251 Stephen Extensions Apt. 672,North Aaron,AS,USA,91877
140,Morales-White,721 Shaffer Trail Apt. 394,Wilsonbury,LA,USA,26105
141,Beltran LLC,274 Romero Inlet,Mcbridemouth,AS,USA,21981
142,Bishop-Howard,972 Griffin Gardens,Gregorymouth,GU,USA,12090
143,"Wang, Martinez and Vega",259 Amanda Crossing,Kyleport,WV,USA,03695
144,Gray Inc,8746 Danielle Vista Apt. 914,Boydton,IA,USA,24189
145,"Wright, Kirby and Bailey",25409 Travis Lights Suite 518,Port Shane,ME,USA,75890
146,Foster Ltd,3148 Carla Turnpike Suite 054,Christophershire,NJ,USA,30914
147,Owens LLC,292 Vazquez Circle,East Christinahaven,CT,USA,67783
148,Hart-Payne,055 Gonzalez Lights Suite 533,Hendersonchester,OH,USA,14357
149,"Hill, Shaffer and Alvarez",7941 Gonzales Lake,Jessetown,GA,USA,68568
150,Grant-Flynn,031 Nelson Harbor Suite 205,Toddton,PW,USA,33344
151,Washington and Sons,475 Collins Ports,Port Justin,VA,USA,65578
152,Wilson PLC,67851 Rowe Crescent,Pittmanchester,AK,USA,24694
153,Spencer-Black,96160 Ruth Village Suite 560,Wadeside,MH,USA,44542
154,Burgess LLC,5151 Audrey Mountain,Monroeton,DC,USA,62636
155,Olson-Tapia,64279 Laura Canyon Apt. 283,Lauramouth,AR,USA,23715
156,Davis Inc,684 Webb Harbor,Kanetown,NJ,USA,46175
157,Nichols-Clayton,9867 Sara Spring Apt. 131,Acostaton,AS,USA,73299
158,Alvarez Inc,427 Jackson Lock Apt. 940,New Williamberg,IA,USA,50153
159,"Bell, Watson and Jackson",7970 Erickson Plains Apt. 223,West Joshuaborough,VA,USA,12653
160,Carlson Group,72889 Hogan Ford,Harristown,MA,USA,37374
161,Robles Inc,986 White Streets,Port Susanton,SD,USA,07412
162,"Ramirez, Briggs and Herrera",396 John Mission,Mendozafurt,SD,USA,24774
163,"Anderson, Conner and Austin",56777 Jacob Crossroad,Lake Derekmouth,UT,USA,07624
164,"Martin, Hawkins and Carrillo",10925 Cindy Drives Apt. 140,Lake Joelstad,MH,USA,32100
165,Weber Ltd,71429 Emma Mountain,Staciemouth,PR,USA,53311
166,Williams Group,8365 Miguel Knoll Apt. 554,East Robert,KS,USA,60342
167,"Wagner, Williams and Ramirez",64707 Dawn Stream,South Lisa,DE,USA,82517
168,"Burgess, Williams and King",274 Gonzalez Drive,Mistyside,HI,USA,69251
169,Miller LLC,92274 Robert Land,North Williamfurt,NV,USA,26308
170,"Mendez, Beck and Martinez",9763 Elizabeth Drive Suite 393,Lake Sarah,NH,USA,82510
171,Ramirez and Sons,5193 Ochoa Harbor Suite 402,East Brandon,MP,USA,42226
172,Navarro Ltd,504 Crystal Walks Suite 334,Navarrostad,MP,USA,33967
173,"Costa, Wallace and Morrison",95095 Scott Cliffs,Kingville,VI,USA,53895
174,Smith-Smith,4380 Hernandez Circles,New Jacob,IN,USA,57968
175,Russell-Hernandez,1229 Dale Orchard Suite 976,Floresberg,MI,USA,53177
176,"Anderson, Conner and Perry",61441 Logan Locks,Port Kathleen,NV,USA,23972
177,Miller-Johnson,70628 Grant Divide,Oneillfurt,TN,USA,46959
178,Bailey PLC,9413 Ricky Groves,Omarberg,WI,USA,10309
179,Smith PLC,3986 Bradshaw Courts,North Dylanhaven,NH,USA,89273
180,"Perkins, Carter and Mclean",67554 Savage Mountains Suite 176,Munozfort,ID,USA,02351
181,Benitez-Washington,889 Wang Corners Suite 276,West Diane,LA,USA,66760
182,Kirby LLC,73385 David Ports,Jenniferview,NV,USA,35574
183,"Garcia, Johnson and Knight",299 Patton Spring Suite 622,North Joshuabury,IA,USA,55509
184,"Sexton, Moore and Wright",294 Parker Brook Suite 391,West Kimberlymouth,AL,USA,66234
185,Lawson-Bradford,89854 Nelson Fords Apt. 209,Sarahchester,OK,USA,07741
186,Rodriguez-Ortiz,68685 Pamela Green Suite 689,Stacyshire,WV,USA,69638
187,"Li, Jones and Wright",583 Thornton Mews Suite 669,East Erin,MT,USA,05522
188,Ford-Rich,7488 White Way Apt. 024,Lake Amy,HI,USA,30747
189,Taylor Inc,138 Nelson Dam,Gillberg,HI,USA,86654
190,Allen LLC,39756 Eric Road Apt. 438,New Adamstad,OK,USA,16527
191,Nguyen-Nelson,497 White Points,West Kathyfurt,MA,USA,59279
192,Acevedo PLC,310 Michael Lights,South Kimberlyview,IA,USA,68314
193,Guzman PLC,452 Jennifer Tunnel Apt. 741,Joseland,IN,USA,55493
194,Smith and Sons,8397 Norman Branch Apt. 998,West Grace,WV,USA,78729
195,"Smith, Price and Wilkins",8989 Tara Plains,East Henry,MP,USA,04815
196,Smith and Sons,22965 Darryl Heights Apt. 325,West Michael,VI,USA,43501
197,Meyer-Parks,48887 Stevens Rapids,Ericatown,HI,USA,16695
198,"Aguirre, Bright and King",44532 Smith Lodge,Robinsonchester,AK,USA,91284
199,Bauer LLC,37387 Chapman Underpass,Evanstown,TX,USA,52216
200,Walker LLC,701 Klein Parkways,Gravesville,WY,USA,62360
201,"Rivera, Robinson and Wolfe",5200 Boyd Vista,Rebeccaborough,VA,USA,90116
202,Johnson and Sons,744 Eaton Drive Apt. 859,Eddiechester,OK,USA,44611
203,Sanford and Sons,31785 Norton Points,East Williammouth,OR,USA,78349
204,Sloan LLC,16928 Gomez Green Suite 215,North Kristinafort,KS,USA,88341
205,Maldonado-Martin,209 Preston Key Apt. 682,Jeremyport,PW,USA,64249
206,"Delacruz, Larsen and Mosley",86138 Williams Square Suite 699,North Patriciaborough,AK,USA,90036
207,"Anderson, Osborne and Peterson",3282 Young Junctions Suite 109,Timothyberg,AS,USA,70082
208,"Potts, Rodriguez and Espinoza",627 Oconnor Mount Apt. 470,Josephville,IA,USA,99610
209,"Flores, Lopez and Barajas",37520 Watson Point Suite 018,North Edwardtown,FL,USA,69823
210,"Gomez, May and Herrera",7428 Frank Knoll Suite 300,Port Philip,AS,USA,26403
211,Davenport-Kennedy,0922 Nicole Port Apt. 008,Elliottview,OH,USA,15613
212,Mitchell-Berg,58051 Robert Track Suite 569,Savageside,MP,USA,42417
213,"King, Spencer and Meyer",360 Adam Locks Apt. 066,North Angelaland,PA,USA,05539
214,Quinn PLC,940 Bailey Burgs,Port Kristineberg,SD,USA,51923
215,"Sellers, Decker and Lopez",5043 Moore River Suite 500,East Madison,SC,USA,89524
216,Smith-Clark,1244 Ryan Inlet,Johnstad,DC,USA,49575
217,Johnson Inc,951 Kimberly Center Suite 747,Sarahville,HI,USA,96282
218,Perez-Harris,8071 Santos Creek Suite 129,New Kristin,KY,USA,03276
219,Jones Group,6672 Joan Station,Port Jay,LA,USA,12938
220,Marquez-Greer,330 Rodriguez Prairie,North Richard,IL,USA,67466
221,Ibarra LLC,67267 Miller Plain,New Amanda,KS,USA,10891
222,Smith-Brooks,5225 Alfred Spring,West Sarahchester,IA,USA,84497
223,"Jackson, Ortiz and Higgins",8825 Allen Prairie Suite 279,South John,PA,USA,28071
224,"Hernandez, Combs and Clark",5275 Carlson Ports Apt. 642,East Danielleborough,NC,USA,73890
225,"Brown, Barton and Fowler",24071 Emily Field Suite 620,Port Jennifer,WV,USA,56977
226,Stone-Hall,88773 Katherine Ports,Port Adam,GU,USA,86311
227,Barton-Beltran,4410 Hartman Club Suite 190,Markview,ND,USA,19099
228,"Kim, Love and Martin",7537 Natalie Prairie Suite 094,Hunterview,MT,USA,12106
229,Mooney-Allen,2227 Sherri Glens,Port Anthonymouth,UT,USA,05314
230,"Rosales, Stevens and Jimenez",989 Rhonda Corners Suite 133,South Jessicamouth,FM,USA,17691
231,"Griffith, Bailey and Duffy",67132 Dale Turnpike,Laurenshire,AS,USA,63002
232,"Simpson, Smith and Schmidt",6272 Mitchell Views Apt. 465,Bethanyland,KY,USA,95122
233,"White, Whitehead and Hopkins",580 Strong Burgs Apt. 287,Port Steven,ID,USA,33796
234,"Frazier, Crosby and Miller",6938 Cochran Inlet,Codyhaven,MH,USA,47914
235,Robertson and Sons,4424 Parker Forges Suite 211,Martintown,CT,USA,63769
236,Stone-Crawford,9204 Morris Pine,Cameronburgh,AZ,USA,10241
237,Osborne Ltd,164 Megan Bridge Apt. 576,Lake Laura,OH,USA,16444
238,Brown Group,472 Kelly Cliff,Murphychester,SD,USA,40980
239,"Wilkinson, Jones and Brown",9837 Katherine Ramp Suite 813,South Melissa,AK,USA,31416
240,Carter-Morrow,11739 Peck Flats Apt. 017,Millerfurt,AL,USA,54543
241,Williams LLC,430 Lopez Divide Apt. 321,Jamiebury,AL,USA,73844
242,Reese Ltd,59138 Rodriguez Fords,Floresside,GA,USA,74405
243,Ford-Holden,567 Nicole Crest Apt. 849,Codyview,PA,USA,07759
244,Lopez-Griffin,240 Pamela Camp,New Jonathan,AR,USA,31169
245,Harris-Weaver,06726 Fleming Mall,Cruzborough,MO,USA,35628
246,Yu and Sons,6696 Michael Fall,West Conniefort,TN,USA,84967
247,Miller Group,8262 Flores Inlet Apt. 360,Clineton,MD,USA,27369
248,"Stein, Hendrix and Mckinney",6528 Lewis Lake Suite 201,Toniville,ME,USA,62834
249,Castro-Jones,85443 Myers Ports Suite 156,South Amyland,LA,USA,68504
250,"Collins, Hill and Hudson",2850 Brittany Extension,North Allisonstad,NY,USA,05859
251,Wood-Patton,40426 Andrew Brook Suite 267,West Brittanyburgh,PR,USA,35822
252,Anderson-Rowe,310 Maria Gateway,Port Timothy,AK,USA,30375
253,Tran Group,66707 Wendy Freeway,Danielmouth,CA,USA,98030
254,Miller and Sons,57483 Kenneth Drives Apt. 560,New Jenniferville,FL,USA,24340
255,Donovan LLC,92716 Michael Port,Emilyshire,WI,USA,62081
256,"Marks, Reilly and Mitchell",2165 Allen Road Apt. 203,Garrettside,VI,USA,84438
257,Jackson PLC,5098 Michael Junction,New Michellechester,WA,USA,26782
258,Cannon-Richardson,279 Timothy Flats Suite 508,Lake Juliemouth,NV,USA,30329
259,Lyons-Dodson,699 Patton Mission Suite 669,Amandaland,OR,USA,59980
260,Webb-Cowan,2766 Abigail Curve,South Brittany,GU,USA,59159
261,Vincent Inc,24710 Michael Curve Apt. 038,South Calebport,ND,USA,28745
262,"Cooper, Jackson and Bowen",4325 Whitehead Vista Apt. 843,Adamsside,PR,USA,27932
263,Ward-Castro,9341 Hart Walk Apt. 028,Murphymouth,MS,USA,31305
264,Austin Group,2040 Karen Mission,New Johnnyfurt,PR,USA,29947
265,"Ryan, Campbell and Baker",7503 Jacobs Grove,South Tiffany,OH,USA,87195
266,Howard-Martin,993 Carter Shores Suite 687,West William,MH,USA,33233
267,Fernandez-Henderson,005 Brown Mills,East Jessicabury,VT,USA,80055
268,Brown Group,9058 Watson Vista,South Caitlin,ND,USA,32356
269,"Phillips, Vasquez and Harrell",548 Jonathan Burgs Apt. 628,South Terri,PW,USA,02125
270,Wood-Perez,6528 Douglas Mission Suite 890,Fergusonstad,MD,USA,26812
271,Lynch Group,785 Perez Lights Suite 518,South Timothy,AR,USA,01454
272,"Hayes, Chen and Cameron",0747 Sergio Mount Suite 643,New Johnbury,OH,USA,15365
273,"Clark, Cortez and Wyatt",6619 Moody Lane Suite 669,Burkeshire,AS,USA,88213
274,Mack-Smith,8074 Hamilton Points Suite 612,Port Heathershire,RI,USA,27453
275,"Sanchez, Conner and Simpson",626 Sara Vista,Patriciamouth,AR,USA,16448
276,Weber-Lewis,3715 Hoffman River,Cooperberg,AZ,USA,05026
277,Quinn LLC,608 Jerry Parkway,Millerville,OH,USA,71691
278,Hill-Keller,6560 Phillips Motorway Suite 266,New Garyfurt,MA,USA,29853
279,"Sandoval, Lutz and Ross",36335 Howard Mission,Matthewport,VT,USA,20797
280,"Carter, Giles and Griffin",66160 Wiley Stream Apt. 615,Lake James,OK,USA,33409
281,Harris and Sons,47674 Fletcher Expressway,Victorialand,FL,USA,64065
282,"Marshall, Jackson and Morris",149 Brown Gateway Apt. 006,Mcphersonport,VA,USA,33604
283,Murphy Inc,7533 Randolph Pines Suite 761,Powersberg,SC,USA,91586
284,West PLC,78089 Jessica Falls,West Ronald,MD,USA,29699
285,Carroll PLC,93272 Garrett Mount Suite 972,Andreaport,ID,USA,04111
286,Robinson Group,3465 Kenneth Union,West Craigstad,SC,USA,06825
287,Mccoy Group,062 Turner Throughway,Maddenborough,OH,USA,25846
288,"Schmidt, Valencia and Sanders",872 Hanson Stravenue,Port Aaronchester,KS,USA,41079
289,Johnson Ltd,3679 Reed Burgs,North Nicholasfort,WA,USA,05651
290,Simmons Ltd,063 Michael Alley Apt. 791,Port Kristin,AS,USA,37728
291,Blair Inc,98732 Martha Underpass Suite 792,Orozcomouth,SD,USA,52002
292,Scott Group,5386 Daniel Vista,East Kathryn,FM,USA,63138
293,Fletcher Ltd,619 Lisa Valley Apt. 174,Melissatown,VA,USA,52761
294,Scott LLC,572 Kirsten Points Suite 682,South Kim,RI,USA,80441
295,Riley-Flynn,553 Rubio Vista Apt. 839,New Jamestown,PA,USA,99745
296,Perkins-Flynn,59139 Reynolds Circles Apt. 546,Hernandezville,NV,USA,52698
297,"Lee, Meyers and Thompson",360 Danny Keys Suite 490,South Monica,TX,USA,10169
298,Barr-Morales,7421 Melanie Neck Apt. 693,Ernestton,VI,USA,61547
299,"Cruz, Kelley and Melton",45433 Klein Estates,Martinezville,UT,USA,94737
300,Sanchez-Carpenter,83306 April Plaza,North Lindsay,WY,USA,12967
301,Burgess Group,14237 Torres Orchard Suite 609,West Amandaland,TX,USA,39793
302,Wright-Dominguez,815 Mclean Creek Suite 445,Lake Michaelshire,KS,USA,99607
303,Knight-Wood,391 Mary Way,Levinestad,HI,USA,95761
304,Vargas PLC,917 Scott Island Apt. 060,Cannonshire,IA,USA,51520
305,"Blackwell, Edwards and Dixon",36988 Carrie Rapid,West Samanthachester,MP,USA,95599
306,Moran LLC,182 Rasmussen Ridges,South Steven,IA,USA,33852
307,Aguirre-Finley,5238 Robertson Plaza Suite 148,New Jeremy,AL,USA,20535
308,"Jones, Butler and Butler",167 Fleming Lock,Wrightmouth,FL,USA,68277
309,Singh-Fox,0922 Michael Green Suite 059,North Emma,MT,USA,86741
310,Vasquez LLC,276 Green Green Suite 867,Martintown,MI,USA,10256
311,Keller-Butler,1341 Johnson Courts Apt. 297,Butlerborough,IL,USA,17539
312,Williams PLC,61666 Susan Flat,New Davidburgh,WI,USA,35527
313,Smith Group,93627 Rebekah Skyway,Sharonville,RI,USA,51549
314,Soto-Pitts,349 Jacob Rapid Apt. 215,Scottchester,IN,USA,38928
315,"Haney, Yoder and Nunez",9861 Bullock Courts Apt. 162,Port Jonathanhaven,NV,USA,72400
316,Russell LLC,6121 Bruce Causeway Apt. 108,Lake Gregstad,ME,USA,86202
317,"Davis, Shaw and Harrison",021 Justin Gateway,Lake Jenny,SD,USA,08968
318,"Henderson, Johnson and Holmes",616 Garrett Passage,Larryfurt,RI,USA,97699
319,"Smith, Davidson and Sanders",490 Scott Divide Suite 473,Gateshaven,CA,USA,01300
320,Henry-Johnson,2191 Williams Street,Lauraberg,GA,USA,95872
321,Nguyen-Jackson,267 Perry Center Suite 613,Maddoxhaven,DC,USA,05111
322,"Davis, Clark and Ramirez",648 Simpson Lakes Suite 838,Millerport,SD,USA,18041
323,Arias-Smith,746 Hampton Coves,Douglasfort,MO,USA,04879
324,Lee LLC,654 Johnson Creek Apt. 999,Henrymouth,OR,USA,66641
325,Schmidt-Cantu,6879 Joe Extension,Johnfort,MT,USA,87138
326,"Thompson, Snyder and Lin",278 Waters Creek,Kingmouth,LA,USA,15057
327,"Smith, Walters and Wilson",2186 Rice Crossroad Apt. 847,Port Tonya,PW,USA,67842
328,Chavez-Evans,4477 Jonathan Circle,Jenniferton,PR,USA,72971
329,Haas-Morris,55254 Ryan Drive,East Beth,PR,USA,43588
330,"Johnson, James and Andrews",48755 James Divide,Lake Christopher,MT,USA,30341
331,Smith-Gallegos,50238 Spencer Neck Apt. 545,North Ashleyton,TN,USA,14863
332,Sullivan-Stephens,0711 Nicole Ways Apt. 102,East Sheilatown,AR,USA,75471
333,"Whitehead, Alvarez and Arnold",78522 Sarah Spur,South Jeffrey,TN,USA,46795
334,Wright-Phillips,913 Kenneth Via Suite 301,Smithfurt,WY,USA,47071
335,Johnson LLC,8460 Elizabeth Isle,West Bryceview,MD,USA,28839
336,Kane-Moore,4226 Stephanie Village,North Davidburgh,NJ,USA,85597
337,Holland Inc,8081 Destiny Underpass,Hallbury,UT,USA,38989
338,Martin-Moore,17673 Le Mall Suite 096,Mcfarlandmouth,OK,USA,37271
339,"Watkins, Singh and Scott",97573 Wanda Course Suite 573,North Lucasside,AK,USA,57716
340,"Johnson, Williams and Lowe",1114 Davis Valleys,Lake Victoriafort,OH,USA,26612
341,Huff Ltd,9457 Davis Harbors,Juantown,KS,USA,93329
342,"Long, Clark and Murphy",36009 Rivera Ports,Leeberg,OK,USA,19428
343,Martin PLC,48479 Mark Curve Suite 018,New Christina,NM,USA,97380
344,"Scott, Miller and Stein",26044 Wilkinson Fall,South Heathermouth,PA,USA,42442
345,"Hill, Harrison and Hunt",881 Rachel Knoll Suite 010,Haleyshire,LA,USA,78332
346,Rios Group,60653 Pittman Shoal,Tranview,MO,USA,02965
347,Henderson-Phillips,347 Maria Mountain Suite 757,Brittanymouth,AL,USA,47686
348,Pham-Green,962 Walters Path Suite 018,Chelseashire,GU,USA,77572
349,"Hill, Jones and Rodriguez",390 Brian Throughway,Larryburgh,MT,USA,49210
350,Gray Group,74261 Mark Pike Apt. 110,Jonesberg,LA,USA,58136
351,Jones-Rivera,13670 Toni Groves,New Taylor,NJ,USA,32110
352,Dickerson Inc,30403 Lewis Ridges Suite 549,East Alicia,DE,USA,72415
353,"Greer, Cuevas and Jones",23211 Sherman Mountain,Lake Robert,ID,USA,60258
354,"Long, Dunlap and Blake",550 Adam Orchard Apt. 766,West Janetton,PR,USA,84459
355,Smith Ltd,003 Vincent Neck Apt. 385,New Jason,TN,USA,66814
356,"Rose, Garcia and Kerr",0474 Richard Landing,Ritterfurt,WA,USA,76113
357,"Webb, Fisher and Booker",09537 Angela Views,South Sabrinaside,FM,USA,01476
358,Johnson Ltd,0537 Vasquez Grove Apt. 371,Mannville,OK,USA,65310
359,Avila-Clark,225 Ethan Center Suite 807,Joshualand,GU,USA,51222
360,"Smith, Lopez and White",96908 Whitney Run Apt. 565,Thomasville,MN,USA,38941
361,Harvey Group,349 John Drive,Port Harrymouth,ID,USA,12629
362,Wheeler LLC,1536 Debbie Junctions Apt. 548,Wilkersonberg,NJ,USA,23900
363,Perez Ltd,37219 Alex Pines Suite 537,North Alisonside,PR,USA,87765
364,"Chapman, Byrd and Hamilton",796 James Stream Suite 569,Carolbury,MH,USA,08498
365,Chapman-Fisher,4229 Wheeler Track Suite 053,Lake Melissamouth,OK,USA,42993
366,"Martinez, Davis and Brady",2955 Jennifer Mall Suite 306,Nguyenland,MN,USA,80605
367,Dixon-Zhang,63646 Joshua Landing,Port Melindaton,AR,USA,31321
368,"Tate, Newton and Barber",29872 Andrea Station Suite 314,North Elizabethton,AS,USA,14282
369,Sutton-Stevens,1948 Hall Flat,Port Alejandroshire,OH,USA,37313
370,"Cantrell, Summers and Brady",069 Murphy Landing Apt. 260,Lake Charlesside,PW,USA,35281
371,Brown-Reese,3505 Hall Branch Apt. 124,New Dorothyview,FM,USA,95160
372,Carter Ltd,910 Thomas View Apt. 485,New Katelyn,NY,USA,87629
373,"Burton, Turner and Dixon",06462 Flynn Glen,Jerryfort,VT,USA,83971
374,Walsh Inc,478 Wilcox Bypass,Brownfurt,ND,USA,89286
375,Harris-Baker,01209 Bailey Dam Suite 539,South Danny,OK,USA,02875
376,Taylor-Valentine,4102 Tiffany Wall,Danielfort,MP,USA,29611
377,"Banks, Mccoy and Davis",1766 Williams Stream,New Stephenton,WA,USA,19186
378,Love-Ross,977 Hill Street,Stevenborough,IL,USA,49446
379,"Aguilar, Martin and Lee",143 Sandra Knolls Apt. 258,New Josephport,NC,USA,46476
380,Miller Group,949 Donald River Apt. 966,Hernandezchester,LA,USA,71525
381,"West, Garcia and Higgins",000 Troy Summit Apt. 702,West Candaceberg,CA,USA,03922
382,Walsh LLC,63962 Andrea Hills,Port Allenland,ME,USA,47539
383,Daniel-Esparza,3841 Rebecca Walks,Hernandezville,IN,USA,05118
384,Jackson-Berry,21740 Sarah Motorway,South Ashley,NC,USA,34997
385,Ray PLC,22274 Yang Course,Port Jacqueline,WV,USA,80679
386,Brady Group,5520 Palmer Skyway Suite 654,Kellybury,SD,USA,15815
387,Tran Group,4430 Davis Turnpike,New Garystad,CT,USA,29424
388,Zavala and Sons,1186 Krista Plains Suite 264,Timothyborough,MP,USA,24040
389,Meza-Nolan,0608 Benson Squares,North Ashley,ME,USA,98313
390,Vega Group,29209 Michael Mountains Suite 854,Michaelland,IN,USA,72024
391,"Harrington, Wall and Smith",7907 Jacob Mill,South Mark,MH,USA,78920
392,Johnson and Sons,1582 Kelly Lodge Apt. 898,Port Todd,VI,USA,98505
393,Chavez-Hinton,109 Kayla Harbors,East Michelle,LA,USA,51970
394,Collins and Sons,3461 Cohen Union Suite 612,Evansborough,FL,USA,64656
395,Brown-Harrington,36562 Linda Flats Apt. 200,East Lisa,PR,USA,01703
396,Weeks-Cameron,558 Nicole Rest,Sergioview,NC,USA,55348
397,Ho PLC,394 Jones Falls Apt. 518,Michaelborough,AR,USA,03677
398,Jones-Taylor,05513 Maria Point,Port Gregg,CA,USA,38103
399,Barnett and Sons,6915 Mark Manor,Lake Jennifer,NE,USA,65484
400,Chandler-Richardson,1177 David Isle Suite 282,Marybury,MD,USA,23293
401,Edwards-Burnett,71250 William Turnpike Apt. 003,West Anne,AK,USA,06151
402,Hart Group,20856 Jackson Route Suite 803,Georgehaven,IN,USA,49456
403,Reynolds Group,565 Jennifer Shoal Apt. 762,West Kennethview,SC,USA,20410
404,Perkins-Michael,9185 Hull Mill Suite 732,Justinmouth,VI,USA,90855
405,Hall-Cook,7714 Blackburn Creek,Cortezside,DE,USA,92169
406,Whitney Inc,0737 Ryan Flat,Thompsonland,OH,USA,74035
407,Cox-Huber,1375 Bryan Crescent Apt. 145,Lake Michellestad,IA,USA,63255
408,Thomas and Sons,241 Taylor Via Apt. 699,Campbellmouth,ID,USA,73404
409,Frye Group,615 Sherry Trafficway,Lake Lisa,NY,USA,73697
410,"Turner, Nichols and Garcia",6708 Bailey Tunnel Suite 607,Alexandrashire,TX,USA,24229
411,Odonnell LLC,8943 Amy Meadow Apt. 165,Port Brookehaven,PA,USA,12825
412,Fleming-Young,95909 Kristina Prairie Apt. 946,East Kaylee,AK,USA,38494
413,Henderson Group,279 Nicole Rapids Apt. 840,Port Rachelmouth,ND,USA,57232
414,"Johnson, Gonzalez and Silva",0628 Melendez Freeway,Port Michealland,ID,USA,29874
415,Gutierrez LLC,949 Miller Ports,New Johnbury,CT,USA,80525
416,"Blackburn, Henderson and Mejia",79570 Emily Drives Suite 243,North Troyland,RI,USA,77478
417,Jones Ltd,053 Christina Turnpike,West Erinfort,DC,USA,90353
418,Johnson-Perez,4197 Aaron Spurs Suite 450,East Megan,MO,USA,10025
419,Johnston-Leonard,36227 Carla Mountains Suite 949,Rochachester,LA,USA,91225
420,Martin-Marquez,14285 Anita Valleys Suite 870,West Christopherburgh,CT,USA,93364
421,Marshall Ltd,2579 Johnson Stravenue,Doylemouth,AR,USA,91051
422,Smith-Washington,141 April Parkway Apt. 532,Watkinschester,SD,USA,10866
423,"Patterson, Booth and Ball",37614 Heather Mission Suite 018,Port Brettland,KY,USA,88808
424,Cohen-Coleman,3511 Helen Mountains Apt. 539,West Angelaview,MO,USA,41147
425,"Phillips, Martin and Vasquez",59895 Frazier View,West Steven,LA,USA,66746
426,Shaw-Hansen,4841 Christina Turnpike,South Jenniferside,NC,USA,90735
427,Serrano-Valdez,5176 Espinoza Freeway Suite 198,Josephchester,AR,USA,67853
428,"Scott, Knox and Gomez",381 Brown Ridge,Rebeccafurt,MN,USA,36107
429,Martinez-Hardy,3177 David Forges Apt. 173,Lake Aprilmouth,ID,USA,09190
430,"Davis, Williams and Foley",138 Green Crossing,North Lisaside,ME,USA,56062
431,Mullen-Hill,228 Donald Extensions Suite 834,Ericmouth,IN,USA,07897
432,Wright PLC,3544 Christopher Rest Suite 258,Port Sheri,MO,USA,11137
433,Callahan Ltd,4487 Brandon Ranch,New Robert,NY,USA,57676
434,Soto Group,55557 Williams Run Suite 601,Lake Lauren,CT,USA,59713
435,Torres and Sons,3193 Norman Spurs,Scottport,NM,USA,27563
436,Rivas-Davidson,0738 Angelica Plains Apt. 608,South Christinahaven,DC,USA,92239
437,"Harris, Lopez and White",975 Fields Point,Andersonmouth,OH,USA,08804
438,Lyons PLC,249 Rebecca Route,West Kimberlyborough,MH,USA,62099
439,"Navarro, Potts and Hardy",7775 John Bypass Suite 801,North Markton,WY,USA,59072
440,"Smith, Thomas and Peterson",08350 Brandon Loaf,Johnside,MN,USA,29848
441,Williams-Hamilton,680 Carly Point Apt. 033,Lake Sean,PA,USA,43075
442,Davenport Group,91564 Burton Crossing Apt. 108,West Tammy,NJ,USA,10894
443,Martin LLC,62928 Roach Via Suite 285,Port Markfort,MI,USA,28588
444,"Mckinney, Sanchez and Schwartz",549 Williams Squares,Johnsonberg,AZ,USA,65544
445,Fisher PLC,3561 Lowe Circle Suite 762,North Marcusville,VT,USA,29018
446,Webb Group,228 Phelps Meadow Apt. 518,New David,AK,USA,78969
447,"Smith, Strong and Barrett",4010 Blake Shores,Lake Kristina,WI,USA,14937
448,"Cooley, Jones and Jackson",1769 Michael Islands,Port Billy,WY,USA,87763
449,"Good, Thomas and Mercado",729 Richardson Expressway,Marytown,MI,USA,94711
450,Rodriguez Inc,57384 Kimberly Skyway Apt. 283,East Charles,TN,USA,53636
451,Lloyd PLC,7614 Glenda Extension Apt. 064,West Sarabury,OH,USA,30860
452,Thompson-Compton,8329 Dawn Pine Apt. 137,Millerton,MS,USA,44283
453,Heath-Mitchell,067 Johnathan Via,Fergusonmouth,SC,USA,98410
454,"Hays, Ramirez and Landry",456 Blake Mills,New Kathryn,TX,USA,99319
455,"Ramirez, Melendez and Ferguson",00755 John Alley,North Oscarview,MT,USA,08899
456,Decker-Jones,7293 Roberts Ports Suite 899,New Nathan,MP,USA,94619
457,White Group,480 Joshua Lock,New Kara,ID,USA,04488
458,Mejia-Dixon,38895 Solis Route Apt. 389,Zacharytown,WA,USA,92852
459,Parks-Stewart,24572 Megan Unions Apt. 465,Port Marissabury,GU,USA,24631
460,Monroe-Walsh,4395 Moore Cliff Apt. 666,Davidstad,UT,USA,41229
461,Walker PLC,97804 Taylor Harbor,Hinesfort,CO,USA,26141
462,"Morgan, Dunn and Conley",7058 Burton Expressway,North Kimberly,VI,USA,59936
463,"Cannon, Thomas and Howard",558 Martin Passage Apt. 418,West Adamborough,WY,USA,32057
464,"Brooks, Roth and Perez",835 Rodriguez Crossing Apt. 840,Lake Russelltown,DC,USA,82345
465,Garza-Allen,1561 Jason Camp,Jamesshire,MD,USA,50585
466,"Nelson, Perkins and Howard",8896 Peterson Spur,North Amandaside,MA,USA,62357
467,Johnson PLC,9646 Cortez Plaza Suite 797,Davidmouth,TX,USA,43740
468,"Rodriguez, Jones and Wood",4579 Jodi Manors Apt. 948,Candaceville,MS,USA,91506
469,Collins-Carpenter,06282 Elizabeth Springs,Anthonyfort,NE,USA,35884
470,Wilson LLC,83936 Molina Locks Apt. 889,Walkerville,WA,USA,64517
471,Hall Inc,457 Oliver Pass,Samanthafurt,NM,USA,47194
472,"Daniel, Copeland and Cox",894 Weiss Ports,Newmanview,LA,USA,36069
473,Cooper-Andrews,644 Ayers Course Suite 980,Adamsfort,VT,USA,91901
474,"Weaver, Mcguire and Harrison",60319 Bates Street,Westborough,MS,USA,35645
475,Brown Inc,36449 Kelsey Ports,Port Michaelfort,CO,USA,80138
476,York Ltd,13097 Tammy Crest,Steeleside,TN,USA,09117
477,Brown Ltd,1406 Thomas Lock Apt. 504,Mariamouth,TX,USA,78628
478,Evans LLC,3209 Nathan Highway Apt. 390,Lake Whitneymouth,IA,USA,17516
479,Stone-West,63596 Whitney Points,Bretttown,MP,USA,77469
480,"Meyer, Anderson and Thompson",2963 Richard Groves,Anthonyborough,IA,USA,67873
481,Banks-Garza,9105 Walker Avenue,Sharonburgh,NY,USA,78812
482,Washington-Roach,2729 Derrick Vista Apt. 301,North Timothy,MN,USA,11320
483,Fowler-Rose,867 Larsen Creek Suite 175,Maychester,KY,USA,71292
484,"Chang, Charles and Sellers",140 Amy Center Apt. 613,Novakmouth,IA,USA,89179
485,"Chambers, Villa and Lynch",914 Nicholas Expressway Apt. 877,North William,VT,USA,43474
486,Gay-Taylor,48414 Christopher Squares,Mcclainchester,IL,USA,65274
487,Gray and Sons,8294 Ross Corners Apt. 039,Port Kennethmouth,CT,USA,19740
488,Hobbs LLC,73960 Richards Union,North Bethanyville,IL,USA,41354
489,"Evans, Caldwell and Bailey",30733 Claire Ways,Williamhaven,VI,USA,97223
490,Montgomery Ltd,20181 Katelyn Estates,Richardburgh,AS,USA,93537
491,Jackson-Norton,7797 Carolyn Stravenue,Lake Kelseymouth,VI,USA,14681
492,Lane-Newton,66933 Joseph Forest,Barryton,SC,USA,89359
493,"Fleming, Mcdaniel and Griffin",177 Horton Forge Apt. 748,Nunezmouth,GU,USA,98080
494,"Thomas, Berg and Walter",25570 Jimmy Freeway Suite 278,West Jacquelineburgh,MO,USA,03441
495,Lewis-Juarez,5228 Smith Glen Suite 579,North Darren,FL,USA,93010
496,Cruz-Salazar,095 Bradley Plains Suite 268,Lake Phillipbury,NC,USA,69204
497,"Harris, Harris and Smith",65241 Ferguson Gateway,Harrischester,DC,USA,23317
498,"Knight, Walker and Moore",9582 Leslie Field,Lewisview,NV,USA,44600
499,Washington Inc,9058 Eric Branch Apt. 675,Port Tiffanyshire,MA,USA,42598
500,Carney-Flynn,89924 Cannon Parks Suite 292,Adkinsborough,NM,USA,15623
501,Patterson Inc,991 Simmons Ridges,Racheltown,WV,USA,83357
502,Schroeder LLC,012 Christine Parkways,Port Jon,AL,USA,32208
503,"Wells, Patel and Little",710 Stephanie Flats Apt. 265,East Rebeccahaven,MI,USA,86471
504,"Valdez, Johnson and Huynh",998 Blair Tunnel,Martintown,UT,USA,90867
505,Coleman Inc,16502 Evans Bridge Suite 355,Salazarburgh,AZ,USA,65633
506,"Jensen, Harris and Dawson",7085 Jones Summit,North Stacychester,IA,USA,28532
507,"Pope, Diaz and Willis",511 Andrew Burgs Apt. 107,Bryantville,IN,USA,77664
508,Davies LLC,382 Allison Mountains Suite 504,South Matthew,IN,USA,48278
509,"Gonzales, Fernandez and Novak",09028 Simmons Springs Suite 147,Sharptown,AR,USA,03573
510,"Pearson, Jennings and Ryan",527 Laura Shoals Apt. 543,Port Matthew,IN,USA,52191
511,"Bates, Fields and Smith",3328 Karen Lodge,Hunterton,MS,USA,13052
512,Garza and Sons,22429 Taylor Springs,Lake Barbaraborough,PW,USA,19173
513,"Simpson, Jones and Johnson",136 Miles Union,West Conniestad,IN,USA,11638
514,Oneal PLC,216 Harris Extensions,Lake Kyle,AK,USA,33618
515,Sanchez-Flores,45063 Christine Falls Apt. 937,Lake Susanside,IN,USA,29341
516,Potter-Jones,6820 Micheal Rapids,Douglasshire,OH,USA,40332
517,Dawson-Anderson,3761 Miller Dale Apt. 379,Williamschester,AK,USA,22506
518,Smith PLC,5989 Jones Corner Apt. 576,Lake Andrew,DC,USA,95685
519,Vazquez-Estes,2200 Marissa Island Suite 059,West Nancyfurt,CA,USA,07975
520,Keller-Rose,26597 Avila Circles,Lake Taylorshire,UT,USA,13049
521,Cruz-Franco,516 Contreras Light Suite 996,Port Amandaville,WA,USA,47678
522,"Houston, Galloway and Ross",74942 Morgan Courts,East Richard,TX,USA,36175
523,West LLC,6815 Haley Court,Markbury,MI,USA,05602
524,"Daniels, Beard and Morrison",11348 Martinez Mount,New Williamhaven,OH,USA,28861
525,Chavez-Duncan,37694 Kurt Gardens,North Linda,NV,USA,81316
526,Smith-White,0533 Dillon Key Apt. 438,Clarkmouth,TX,USA,12748
527,Alvarado Ltd,93318 Rachel Spur,East Christian,IA,USA,91446
528,"Cox, Allen and Jones",3718 Perez Ville,Port Linda,OR,USA,63065
529,Mills-Garrett,7700 Jane Vista,New Robin,GA,USA,08720
530,Howard-Carter,3180 Garner Common Suite 729,West Brian,ND,USA,09770
531,Stewart Group,802 Rivas Ridge Suite 540,Port Elijah,MN,USA,43944
532,Mckee Ltd,884 Collins Knoll Suite 227,Lake Williamtown,WA,USA,81122
533,"Stone, Williams and Hatfield",37673 Michael Green Apt. 070,Mariaville,VI,USA,96891
534,Arnold-Wheeler,236 Adams Hills Suite 650,Lake Aaronmouth,MH,USA,25338
535,Martin-Nelson,92364 Landry Stravenue Apt. 130,New Joditown,MP,USA,88963
536,"Davis, Clark and Keller",248 Kathy Mall Apt. 035,Thompsonside,AR,USA,30112
537,Adams-Briggs,819 Shelton Plaza Suite 282,North Andreaport,VI,USA,34495
538,Snyder-Mcdonald,7165 Arnold Ports,New Jennifer,HI,USA,53199
539,Scott-Palmer,6853 Jefferson Fork,Lake Robert,NM,USA,84840
540,Terrell PLC,469 Lori Pike Apt. 221,West Nicholas,VI,USA,67657
541,"Powell, Miller and Campbell",86196 Sullivan View Apt. 462,Johnsonton,ME,USA,79702
542,"Ashley, Thornton and Brooks",407 Wiley Court Suite 305,Juliantown,WV,USA,41562
543,Travis-Cannon,51653 Andre Station,New Erin,IL,USA,79966
544,"Reyes, Williams and Perkins",56891 Williams Rue,Port Jacobshire,AK,USA,99643
545,"Hale, Perez and Peck",45061 Taylor Shoals Apt. 417,North Jonshire,DC,USA,93895
546,Garza-Ramirez,289 Monica Plaza,New Kevin,OR,USA,62616
547,Melton-Lin,3129 Andrew Grove,Schwartzville,IA,USA,48750
548,Taylor-Davis,8844 Wilson Ville,Donaldfort,CT,USA,24423
549,Johnson Group,66177 Owens Manors,North Davidmouth,DC,USA,09312
550,Bates-Cooper,467 Rubio Summit Apt. 220,Jaymouth,AR,USA,98108
551,Burns PLC,476 Marks Prairie,East Michael,MA,USA,85240
552,Cooley-Russell,16148 Hayes Hill Apt. 594,New Heather,OR,USA,72533
553,Cross-Maxwell,0074 Patel Stream Suite 420,Amyburgh,IN,USA,38717
554,Sanchez PLC,136 Huber Grove,Port Kelsey,MT,USA,96364
555,"Werner, Davis and Lloyd",676 Douglas Gardens,Lake Carolfort,AZ,USA,25359
556,Jackson Ltd,1926 Kevin Rapid Suite 442,West Bryan,WY,USA,64019
557,Stewart-Hunter,811 Zachary Manor,West Katherineshire,FL,USA,32736
558,Cooper Inc,80548 Chandler Points,Wrightshire,AZ,USA,58099
559,"Fowler, Lewis and Griffin",8974 Gonzalez Dale,East Joshuaburgh,MH,USA,66172
560,Long-Larson,98847 Graham Views,Nathantown,SD,USA,21235
561,"Miller, Tyler and Mills",4274 Dale Village Suite 538,Katherineberg,NE,USA,47183
562,Medina PLC,949 Ann Roads,Marcusfurt,MD,USA,99169
563,"Newman, Fernandez and Porter",375 Oconnor Glen,New Matthew,AL,USA,04539
564,Larson-Carter,8034 Paul Mountains Apt. 890,East Madison,DE,USA,26218
565,Moore-Miller,0628 Guerrero Shoals Suite 748,Christophermouth,MN,USA,55586
566,"Reeves, Washington and Gray",892 Tanya Knolls,Brianchester,MI,USA,34947
567,Ramirez-White,99015 Pierce Estate Apt. 750,Angelaburgh,FM,USA,08139
568,Estrada-Walsh,440 Parker Heights Apt. 385,New Jennifer,SD,USA,82352
569,Bradford and Sons,978 Sanchez Islands Suite 780,West Eric,PR,USA,83874
570,Marshall LLC,20948 Amy Coves,West Timothyton,TN,USA,56494
571,"Jordan, Becker and Allison",43598 Alyssa Islands Suite 281,New Brookefort,AZ,USA,46257
572,"Mcmillan, Jarvis and Sampson",7227 Mark Prairie Apt. 933,Port Jose,MD,USA,57582
573,Brown-Butler,680 White Land Apt. 849,Riveraton,GA,USA,18314
574,"Booth, Irwin and Welch",92795 Karen Mountains Suite 501,Stokesberg,LA,USA,28947
575,Walter LLC,912 Martinez Camp Apt. 664,Scottside,WI,USA,19719
576,Singleton PLC,869 Sean Knoll Suite 029,New Jason,AZ,USA,12047
577,"Flynn, Thomas and Gonzales",2293 Kirk Pine,Lauramouth,FL,USA,57834
578,Chandler Inc,236 Robinson Run Apt. 861,South Joshuaville,WY,USA,38192
579,"Martin, Evans and Maxwell",84214 Victor Skyway,Travisfort,IL,USA,18446
580,Peterson-Tyler,207 Shannon Divide,Lake Adrian,AL,USA,66261
581,Short-Jenkins,075 Preston Drive,North Lukeburgh,OH,USA,11900
582,Mccoy and Sons,21880 Ryan Court Suite 492,Stevenburgh,MO,USA,63093
583,Campos PLC,264 Dawn Plains,Lake Michael,AL,USA,06553
584,Alvarez Inc,7915 William Common Apt. 323,South Brian,MS,USA,15695
585,"Arias, Mcdonald and Smith",669 Morris Shore Apt. 065,North Kristin,KS,USA,74898
586,Smith Ltd,3731 Tyler Row,Johnsonchester,NJ,USA,58699
587,Harper and Sons,1543 Montoya Greens Apt. 898,Stephenberg,OH,USA,61386
588,"Fisher, Lutz and Hernandez",026 Michael Via,Brittneyside,TX,USA,98751
589,Mckenzie Group,0764 Bobby Gardens,North Daniel,PA,USA,50906
590,Stone and Sons,9256 Clayton Vista,North Davidbury,ME,USA,47893
591,Jones-Trujillo,2981 Gutierrez Mews Apt. 149,Aprilland,AR,USA,87427
592,"Williams, Cooper and Sanchez",13714 Torres Station Apt. 303,Tylerport,NE,USA,22033
593,Rojas PLC,458 Brown Unions Suite 598,East Angelaside,MN,USA,13333
594,King Ltd,1025 Gabriel Mountains,East Jacob,KY,USA,43782
595,Lewis-Murray,781 Coleman Port,North Nicholasport,WY,USA,45255
596,Ingram-Perry,768 Bradley Fall Suite 996,South Annmouth,NH,USA,88466
597,Mccoy Ltd,124 Katie Branch Suite 218,Davidland,NJ,USA,47227
598,"Yu, Avery and Marks",6722 Ray Meadows,Lindsayfort,FL,USA,79681
599,"Cox, White and Higgins",6391 Garcia River,Ryanfort,CO,USA,97170
600,"Gilbert, Huffman and Hicks",8350 Teresa Run Suite 836,East Jefferyborough,MT,USA,29137
601,Webb-Riley,4572 Penny Ridge,Brandihaven,SD,USA,95865
602,"Peters, Martin and Simpson",001 Angela Brooks,Clarkechester,CA,USA,64760
603,Mccullough Ltd,091 Christine Grove Apt. 207,New Lauren,AK,USA,67987
604,Chen-Robinson,8488 Martin Ville,Anthonybury,WY,USA,81820
605,Boyd-Pena,1664 Susan Stream,Diamondchester,MO,USA,80915
606,Crane LLC,36079 Johnson Circles,East David,GU,USA,06209
607,"Jimenez, Mccall and Martinez",8415 Cohen Square Apt. 860,Alexandraton,KY,USA,21352
608,Ewing-Pitts,5347 Shane Burgs,New Matthewhaven,LA,USA,65113
609,Brown-Moreno,8219 Todd Plains,West Denise,VT,USA,64426
610,Hansen Inc,73399 Joshua Inlet Apt. 009,Jeanhaven,MN,USA,63880
611,Kramer-Jackson,116 John Fork Suite 055,Lake Petermouth,WI,USA,90881
612,Velasquez-Harding,084 Chelsea Ports,South Regina,PA,USA,84892
613,"Cardenas, Johnson and White",60238 Williams Ville Apt. 229,East Thomasmouth,IL,USA,66603
614,Mcgee-Mcdaniel,39049 Jennifer Ridges,East Saraside,WA,USA,58843
615,Hanson and Sons,8210 David Garden,North Ray,PA,USA,78861
616,Berry-Smith,9947 Melanie Spur Apt. 128,Lake Michael,CA,USA,70333
617,Wong-Martinez,088 Sanchez Fields Suite 549,West Angela,MN,USA,65400
618,Reeves-Bray,68371 Jennifer Fork,Lake Bradleyburgh,GU,USA,33990
619,Hill Inc,960 Eugene Springs,West Monica,KS,USA,21509
620,Steele Ltd,309 Duncan Glen Apt. 054,Amandashire,CA,USA,53567
621,"Short, Dyer and Davis",7020 Richard Track,South Reneechester,SD,USA,40771
622,Perry-Kelly,3259 Foster Plaza Suite 687,East Kimberlyton,SD,USA,78934
623,"Reid, Bowman and White",305 Mathis Corner Suite 973,Lake Julie,NC,USA,35194
624,Jackson LLC,7799 Barbara Expressway Apt. 842,Michaelside,CT,USA,12221
625,Martin LLC,629 Jarvis Way,Hudsonhaven,KS,USA,20394
626,Smith and Sons,268 Wilson Forges,New Gregoryland,NY,USA,09300
627,Miller-Bowman,930 Nicole Meadows Suite 328,Karenstad,MP,USA,38666
628,Hunter LLC,72001 Paul Fork Suite 521,East Desireeside,KS,USA,67959
629,Smith-Rush,57379 James Canyon Suite 965,Patrickhaven,VI,USA,00519
630,"Torres, Davies and Ramirez",320 Morgan Square Suite 580,Dunnhaven,AK,USA,04706
631,"Mccormick, Scott and Malone",6967 Alvarez Forges Suite 907,Grossmouth,KY,USA,75382
632,"Fleming, Robertson and Holloway",30115 Young Station Suite 466,Lanestad,ME,USA,39001
633,"Russell, Hernandez and Ramos",577 Carter Mill,Amandaside,NY,USA,24941
634,Park-Johnson,864 Morrison Terrace,Smithville,KY,USA,53055
635,"Lee, Griffin and Gonzalez",0733 Lewis Burg,Wolfeview,LA,USA,43652
636,Washington-Bailey,46613 Laura Crossroad,Martinezport,MS,USA,47687
637,Carr-Nunez,55670 Robinson Fort,Port Eric,NC,USA,56311
638,"Dunn, Gillespie and Patton",256 Mahoney Meadows Suite 383,Christopherchester,FM,USA,27306
639,"Carpenter, Henry and Griffith",3750 Heather Overpass Apt. 410,New Ryan,ME,USA,07185
640,Marsh-Pope,8785 Samantha Passage,Lake Heather,DE,USA,36734
641,"Carroll, Delgado and Taylor",84808 Christopher Forges Apt. 280,West Nathanielburgh,NH,USA,49312
642,Martinez-Castillo,442 George Falls,Lake Melissaland,IN,USA,66798
643,"Griffin, Hall and Rowland",36219 Jacobson Tunnel,South Tinafort,IN,USA,33858
644,"Hansen, Salinas and Todd",40038 Green Way,Tamishire,IN,USA,78926
645,Sanchez LLC,71140 Louis Walks Apt. 345,Joannefurt,HI,USA,56786
646,"Smith, Thomas and Ryan",56659 Davis Camp,South April,CA,USA,48778
647,"Jones, Carson and Nolan",84582 Brooks Harbor Suite 263,Carlahaven,PA,USA,62588
648,Hunter Inc,990 Anna Trafficway Apt. 926,Chadshire,RI,USA,24146
649,"Wagner, Chang and Moore",2951 Cynthia Haven Suite 037,Obrienborough,MD,USA,38872
650,Smith-Davis,538 Heather Throughway,Normanbury,IN,USA,53920
651,Brown Inc,239 Natasha Square Suite 430,Davismouth,PW,USA,46745
652,Mckinney and Sons,59966 Paul Groves,North Robinfurt,AK,USA,33194
653,"Washington, Suarez and Medina",1612 Brooks Fall Suite 292,Sanderston,AK,USA,25047
654,Cisneros-Clark,4761 Matthew Mills,Port Samantha,WY,USA,48691
655,"Smith, Cole and Rogers",540 Avery Ways Apt. 208,Morrisontown,MH,USA,53035
656,Petty-Lin,90450 Amber View Apt. 453,Wagnerland,ID,USA,15525
657,Silva Group,051 Cruz Valley Apt. 554,Millerville,MS,USA,89052
658,"Baldwin, Carter and Allen",76014 Gaines Grove Apt. 776,South Justin,DC,USA,22487
659,Cantu Ltd,816 Laura Court,New Claire,NM,USA,18273
660,"Taylor, Smith and Martin",70123 Wright Coves Apt. 045,Lake Erik,WY,USA,02938
661,"Compton, King and Duncan",257 April Union Apt. 949,Lake Adam,RI,USA,82049
662,"Gonzales, Abbott and Gallegos",0706 Peterson Alley,Scottfort,CT,USA,78590
663,"Martin, Gay and Rivera",64511 Roger Forge,Sherylton,OR,USA,36520
664,Edwards Ltd,552 Brian Hills,Lake Alex,WA,USA,48125
665,Barber and Sons,248 Richardson Vista,Frankside,AR,USA,88267
666,Smith LLC,1299 Michael Way,South Christopherfurt,AK,USA,29743
667,Myers-Walton,58497 Melissa Flat,North Laurenchester,OK,USA,65482
668,Reid PLC,6113 David Flats Apt. 922,Loveland,UT,USA,66329
669,Gomez-Rogers,7450 Kennedy Isle Suite 669,Davidstad,SD,USA,19288
670,Johnson-Stewart,47396 Amanda Station,Taylormouth,UT,USA,71528
671,Heath LLC,02082 Thomas Ways,South Jordanbury,HI,USA,40141
672,Black LLC,085 Kim Square,West Kaylaton,AS,USA,75128
673,"Salazar, Green and Blankenship",70055 Kimberly Ridges Apt. 313,Davidberg,VI,USA,93709
674,Goodwin-Bell,628 Warren Hills,Thomasmouth,GU,USA,47988
675,Wheeler Inc,258 Angel Trafficway Apt. 132,Kevinside,CO,USA,90614
676,Johnson-Fischer,007 Brandon Haven Apt. 373,Lake Mary,WY,USA,83533
677,"Martin, Lee and Castillo",9736 Thomas Inlet,Johnville,NY,USA,01365
678,Decker-Li,50171 Gene Mill,South Damonmouth,AS,USA,11990
679,"Miller, Martinez and Sloan",601 Lee Isle,Port Travischester,MH,USA,27236
680,Hopkins Ltd,706 Powers Mountain,East Michaelland,GA,USA,86305
681,"Collier, Pena and Johnson",43304 Perkins Mountain Suite 039,Vincentfurt,NM,USA,98212
682,"Butler, Wilson and Hernandez",064 Bradley Lane Suite 685,Benjaminchester,NC,USA,36079
683,Barber Group,676 Clark Street,Thomashaven,WA,USA,00702
684,"Hill, Scott and Bailey",08206 Ashley Vista Suite 359,North Hannah,SC,USA,18877
685,"Brown, Smith and Brown",33327 Herrera Pine Suite 624,Catherineview,MH,USA,50870
686,"Wall, Sanchez and Duncan",707 Taylor Tunnel Apt. 056,Maryville,OK,USA,64837
687,"Paul, Burton and Baker",9783 Collins Village,East Teresa,CO,USA,03739
688,Martinez Group,94014 Garcia Ranch Apt. 866,Cummingsville,NM,USA,40123
689,Mitchell-Taylor,5424 Lawrence Brook Suite 956,Marcusmouth,VI,USA,34797
690,Sullivan-Mcdonald,650 James Squares,Davidberg,UT,USA,46674
691,Davis Inc,058 Ashlee Rapid,Lake Kristybury,OH,USA,12736
692,Stewart-Cain,9881 Matthew Village Suite 315,Ryanstad,NY,USA,63493
693,Griffin-Walker,0292 Travis Mountain Apt. 444,Michaelbury,WY,USA,23673
694,James PLC,216 Williams Camp Apt. 616,Jakehaven,KY,USA,89296
695,"Martin, Nash and Harvey",3315 Scott Meadows Apt. 023,West Lisaborough,WY,USA,22868
696,"Baxter, Henry and Higgins",2161 Steven Orchard,Saraside,MD,USA,41143
697,"Powell, Mann and Wong",75505 Ryan Ferry Apt. 582,Haileyborough,SC,USA,98285
698,"Powell, Wallace and Evans",17751 Dalton Ridge,West Rachel,MH,USA,14717
699,Blevins-Jackson,19701 Stewart Neck Suite 732,Yangshire,OH,USA,89410
700,Ramirez-Anderson,16924 Christopher Port Suite 980,Brandyhaven,RI,USA,74952
701,Parsons Group,3477 Elizabeth Point Suite 376,Jordanshire,NM,USA,49431
702,Rogers-Ortiz,0734 Landry Fall,Lake Jillian,OK,USA,08946
703,"Welch, Sullivan and Baird",369 Melissa Parkway,West Kimberlyport,SD,USA,30105
704,"Howard, Torres and Pitts",37990 Jenkins Crest,Vazquezland,HI,USA,21666
705,"Dixon, Johnson and Young",964 Carrie Lights Apt. 150,Thomasfurt,VT,USA,40790
706,Young Ltd,2109 Bishop Park,Lauriefort,MN,USA,70363
707,"Douglas, Cox and Perry",7542 Johnson Estate Apt. 461,New Amanda,FM,USA,06069
708,Wilkins Inc,9970 Giles Drives,Dillonbury,AR,USA,13008
709,Hodges and Sons,784 Laura Estate Apt. 158,Robertbury,DC,USA,43015
710,Wright Group,32549 Koch Pass Apt. 753,South Maryside,PA,USA,75003
711,"Cruz, Clark and Huffman",072 Castro Ranch,Thomasbury,MI,USA,54977
712,Mcknight LLC,659 Estes Alley,Smithshire,VI,USA,60221
713,Macdonald-Bishop,3874 Jonathan Summit Suite 118,Greenberg,VA,USA,66248
714,"Clarke, Ochoa and Dixon",9718 Perez Green Apt. 108,Davidmouth,AR,USA,27829
715,"Ward, Castillo and Smith",6596 Huff Underpass Apt. 732,Laurafort,MS,USA,63803
716,"Henderson, Logan and Key",3066 Michelle Mountains,South Jessica,FM,USA,45348
717,Serrano LLC,0802 Jessica Vista,Atkinstown,NE,USA,35840
718,"Short, Burke and Riddle",8197 Joseph Prairie,Quinnside,MN,USA,96995
719,Freeman Inc,04769 Callahan Flats,Maryburgh,AS,USA,38875
720,"Pearson, Bennett and Garcia",8732 Debra Estate Suite 121,Gailshire,OK,USA,74568
721,Cobb-Campbell,4824 Rachel Extension Apt. 472,South Melissa,MH,USA,26881
722,Ortega Group,90153 Garcia Neck Suite 794,Rodriguezfort,MH,USA,12880
723,Simmons-Gould,17410 Barbara Field Apt. 468,West Jenniferland,WI,USA,14416
724,Mclaughlin PLC,47719 Kyle Landing Suite 078,Marcusburgh,VI,USA,69470
725,Mccormick-Smith,451 Cody Squares Suite 511,Port Derek,IN,USA,27087
726,Jenkins LLC,185 Henry Course Suite 599,Leestad,MI,USA,60770
727,Marquez Ltd,416 Smith Crossroad,Allenville,TX,USA,61442
728,Carroll-Lynch,0898 Duncan Ways,New Terry,AZ,USA,83818
729,"Nguyen, Moore and Martinez",4949 Deanna Hills,North Keith,MD,USA,63766
730,Perkins-Taylor,62748 Richard Brook Apt. 803,New Jamesmouth,MS,USA,86951
731,"Deleon, Barnes and Hart",286 Gonzalez Stravenue Apt. 117,Port Barbara,MT,USA,90495
732,Butler Group,81082 Blanchard Flats,Riveramouth,IL,USA,43727
733,Smith-Matthews,1092 Jennifer Meadow,Sherrymouth,GA,USA,16560
734,Short-Holland,70426 Kelly Circle Suite 569,Jamesfort,NC,USA,16368
735,Patel Group,698 Kimberly Prairie Suite 921,West Kristenview,NJ,USA,62348
736,Wood-Duran,52104 Boyd Rue Suite 021,North Jenniferside,NY,USA,78005
737,"Matthews, Castillo and Lang",5857 Smith Spur Apt. 237,Sherryfort,MT,USA,43875
738,Espinoza PLC,41900 Derek Neck,Amyport,ID,USA,57937
739,"Humphrey, Patel and George",413 Jones Bypass,North Amandamouth,CA,USA,04115
740,Anderson-Landry,354 Cobb Mill Apt. 573,Port Jessica,VT,USA,82705
741,"Burns, Sandoval and Garcia",178 Jennifer Villages,West Diana,SC,USA,04576
742,"Maldonado, Palmer and Estrada",98758 George Village,South Jacob,OH,USA,48827
743,White-Robles,530 Anthony Terrace Apt. 404,North Williammouth,KY,USA,19813
744,Bishop-Spears,30212 Brown Park,Johnstad,AR,USA,44828
745,Jimenez Group,6907 Sandra Drives Apt. 677,Leslieville,GA,USA,80727
746,Crane-Thompson,9911 Emma Stravenue Apt. 884,Dannyshire,AR,USA,17836
747,"Flynn, Ferrell and Neal",145 Heather Gateway,North Lisaville,MT,USA,51298
748,Gonzalez-Hood,8762 Le Lodge Suite 635,South Bonnieport,LA,USA,95838
749,Davis-Callahan,74728 Andrew Cliff,Holmeschester,ME,USA,45334
750,Nichols Group,51749 Campbell Meadow Suite 754,New Christinaborough,MA,USA,81652
751,Ramirez Ltd,21412 Olson Parks Suite 381,Lake Darrell,SD,USA,23630
752,"Adams, Watkins and Smith",834 Evan Falls Suite 397,Annamouth,MD,USA,77860
753,"Henson, Keller and James",3543 Kaitlin Trafficway,Simpsonmouth,RI,USA,11780
754,Bennett-Freeman,7979 Mark Extension,Sarahland,TN,USA,76494
755,"Hicks, Newton and Johnson",02742 Tyler Highway,West Eric,NY,USA,06000
756,Cochran-Hines,095 Evans Green,Robleston,AK,USA,50074
757,Marshall LLC,922 Jeanette Stravenue,Amyview,AS,USA,82996
758,"Ortega, Ellis and Jackson",742 Thomas Lane Suite 025,Shaunbury,SC,USA,74158
759,"Johnson, Smith and Holt",3389 Jean Brook Apt. 774,Christineshire,DE,USA,92892
760,"Pena, Zuniga and Johnson",7583 Hoffman Isle,East Brianmouth,IL,USA,84691
761,Nichols LLC,36517 Andrew Courts,Henryland,OR,USA,65736
762,"Jackson, Rodgers and Burke",47180 Shane Coves Apt. 972,Dodsonshire,VT,USA,02187
763,Chan LLC,24343 Fuentes Light Apt. 479,Melissaside,ID,USA,51785
764,Johnson-Hughes,5168 Deanna Springs Apt. 163,West Michaelton,AR,USA,61305
765,Williams-Mcfarland,01598 Kevin Common,Priceton,IA,USA,69848
766,"Miller, Johnson and Jones",56818 Lindsay Port,New Christopher,WA,USA,45757
767,Young-Aguilar,678 Michael Valley Suite 139,West Melvin,NC,USA,66360
768,Thompson LLC,1263 Tanner Corner Apt. 266,Glennmouth,MT,USA,43249
769,Carroll-Villarreal,624 Rogers Knolls,Nicholasville,PW,USA,23216
770,"Jackson, Brennan and Harmon",212 Morgan Mount,Port Brian,OH,USA,95077
771,"Bradley, Anderson and Callahan",265 George Parks Suite 779,South Brian,NH,USA,78140
772,Richmond and Sons,20018 Katrina Roads Apt. 830,South Michaelfort,MP,USA,93048
773,"Perez, Edwards and Watson",334 Flores Garden,Beckmouth,VA,USA,79475
774,"Morris, Kelly and White",676 Joseph Summit Suite 201,Lake Scott,KY,USA,18159
775,Valdez Group,76414 Nicole Ridges Suite 134,West Elizabethside,CO,USA,54716
776,Fisher-White,9662 Amanda Trail,Kiddmouth,MP,USA,06939
777,Robbins-Rodriguez,608 Peterson Circles,Lake Billy,TN,USA,28427
778,Sharp-Perez,1237 John Green Apt. 016,Paigehaven,NH,USA,32733
779,Martinez LLC,27561 Amber Stravenue Suite 812,Mcintyreland,ME,USA,13748
780,Howell Group,29111 Lewis Groves Suite 036,Rickyfort,MO,USA,38291
781,"Sandoval, Hill and Allen",815 Moore Villages Suite 093,Christineport,AR,USA,59398
782,Garcia-Gay,659 Mullins Radial,Gailside,ND,USA,48445
783,Graham and Sons,965 Lee Dale Apt. 879,West Edwardmouth,MA,USA,97416
784,Lewis-Mckenzie,95695 Medina Springs Suite 542,Harrisborough,KS,USA,94100
785,Baxter-Rose,801 Levine Gardens Apt. 020,New Dustinstad,VA,USA,83956
786,"Mann, Hill and Brown",7904 Mary Mountains,West Andrew,AK,USA,62429
787,"Huffman, Schmidt and Galvan",28814 Emily Courts Apt. 124,Port Julie,CO,USA,73609
788,Taylor Group,0430 Stone Islands Apt. 648,Stephenfurt,CO,USA,30066
789,Sullivan Group,70553 Torres Courts Apt. 506,Kimberlytown,MN,USA,46904
790,Williams LLC,3135 Ward Trace Suite 691,Anthonyfurt,MS,USA,12988
791,Matthews PLC,14139 Desiree Roads,Aliciamouth,MD,USA,84011
792,Rowe Ltd,25701 Edward Cliff Apt. 501,New Laurieport,AS,USA,29420
793,Kaufman-Rasmussen,8490 James Canyon,Lake Jason,MS,USA,50285
794,Collins and Sons,55422 Cynthia Court Apt. 896,Michaelton,KY,USA,88299
795,Terrell LLC,457 Michelle Junction,Lyonsburgh,MO,USA,81103
796,"Murray, Williamson and Brown",87947 Jacqueline Square Suite 670,East Roberttown,NJ,USA,01810
797,"Cortez, Hodge and Jackson",1807 Rogers Valley Apt. 581,Youngburgh,AS,USA,80520
798,Kelley-Lawrence,54248 Samantha Pine,East William,NC,USA,90036
799,Perry-Baxter,9292 Emily Point,Erinton,NM,USA,31886
800,Mclean LLC,342 Cardenas Camp,East Maryshire,PA,USA,42037
801,Hooper Ltd,5955 James Ferry Apt. 595,Port Michaelmouth,PW,USA,90668
802,"Haley, Taylor and Davidson",726 Rice Springs Apt. 771,North Jessica,UT,USA,09483
803,"Chavez, Brooks and Fry",386 Sanchez Lodge,West Erin,AK,USA,54884
804,"Robertson, Rich and Rodriguez",842 Justin Turnpike,Jamesfort,WA,USA,01410
805,Gilbert-Smith,6467 Deborah Place Suite 164,Thompsonville,AS,USA,96254
806,Mcdonald-Lee,3432 Davis Mountains,Grossfurt,CT,USA,54616
807,Jackson LLC,770 Cheryl Prairie Apt. 656,Jenniferfurt,CA,USA,03430
808,Adams-Copeland,01805 Jordan Lodge Suite 339,East Donnaburgh,CO,USA,92038
809,Ramsey Group,2490 Skinner Street,Delgadotown,DE,USA,23349
810,Newman-Nguyen,690 Donna Island,Cesarhaven,ND,USA,04563
811,Crawford PLC,2304 Alyssa Courts Apt. 460,Marystad,OR,USA,62729
812,Johnson LLC,85808 Good Expressway,South Heather,AZ,USA,47482
813,Smith-Jones,343 Hines Rest Suite 538,Mcdonaldborough,FL,USA,94602
814,"Dickson, Watts and Reynolds",21341 Katherine Point,Taylortown,MP,USA,07875
815,"Suarez, Franklin and Coleman",8431 Bobby Mountain,New Markfort,WV,USA,79634
816,Peterson-James,19024 Brown Track,Elizabethshire,DE,USA,40485
817,"Gutierrez, Durham and Estes",4372 Moreno Mountain Suite 103,East Jennifershire,VT,USA,66191
818,"Riggs, James and Mckinney",66964 Scott Haven,Perkinsport,AK,USA,18567
819,Buchanan-Lutz,000 Michael Hill Suite 170,Geraldport,PW,USA,01675
820,Chandler-Tyler,7056 Wagner Turnpike,North Sydney,WI,USA,02009
821,Bradley Group,03601 Ryan Keys Apt. 732,Brennanburgh,MI,USA,37605
822,"Hodge, Meza and Wang",7990 Richard Highway,Langside,KS,USA,81867
823,Bauer and Sons,13504 Adams Keys,East Thomasberg,OR,USA,62555
824,Blanchard PLC,26174 John Ports,South Brettberg,TX,USA,17357
825,"Hall, Jones and Gomez",784 Melissa Course,Lucashaven,DE,USA,83526
826,"David, Young and Taylor",2398 Bishop Lodge,Willisport,DE,USA,64230
827,"Aguirre, Rasmussen and Gillespie",120 Matthew Valleys Suite 140,East Ryanfurt,CO,USA,28063
828,Tate-Miller,236 Richard Station,Andrewshaven,WI,USA,13640
829,Fox-Stewart,5949 Kristen Shores Suite 243,Harrisonmouth,AL,USA,09559
830,"Hatfield, Williams and Martin",53734 Daniel Curve Apt. 543,New Meghan,NM,USA,60723
831,Sawyer PLC,68501 Adam Camp Suite 848,East Gregoryburgh,GA,USA,81071
832,Smith-Porter,37679 Mary Squares,Erinberg,MS,USA,52534
833,Perry PLC,5253 Thomas Street Apt. 663,Stephanieside,IA,USA,29504
834,Alexander-Tyler,937 Castillo Overpass Suite 379,Kimshire,DC,USA,93331
835,Flores PLC,031 Brandon Groves Suite 752,West Rebecca,PW,USA,43985
836,"Frye, Santos and Huff",74022 Cameron Rapids Apt. 106,Torreschester,AL,USA,27970
837,Farmer Inc,424 Teresa Prairie Suite 946,Wallaceborough,PR,USA,47460
838,Chen Group,7489 Lisa Forge,Kevinton,SC,USA,43415
839,Horn-Gutierrez,48153 Sharon Ridge Suite 086,North Jose,ID,USA,52391
840,Jones Ltd,052 Waters Branch Apt. 350,New Jessicaview,FL,USA,87520
841,Nguyen Group,15731 Callahan Via,South Ryanfurt,WA,USA,00838
842,Stewart LLC,63800 Ashley Loaf,South Danielville,NE,USA,82596
843,Mendez Group,1714 Mason Mountains,Jessicafort,HI,USA,83007
844,Wilson Group,0069 Christopher Causeway,Lake Shannon,WV,USA,50958
845,Williams-Hall,41095 Kyle Points Suite 807,South Josephberg,FL,USA,89132
846,Williams Group,0932 Powers Green,Duncanbury,FL,USA,79907
847,Davidson Group,8687 Angela Locks,Wattsmouth,MP,USA,18382
848,Flowers-Smith,59017 Snyder Common,Danielbury,CT,USA,97032
849,Miller-Wheeler,50299 Ashley Common Suite 540,East Herbertberg,DC,USA,64010
850,"Taylor, King and Delgado",36569 Adams Parks Apt. 855,Higginstown,PW,USA,41020
851,"Wood, Garrett and Jenkins",947 Aguirre Pike,Port Richardside,FL,USA,18794
852,Wood LLC,570 Carol Pass Suite 231,Johnsonton,MD,USA,26720
853,Parsons-Porter,549 Carter Stream,Jamesview,DE,USA,91028
854,Cortez-Conway,62046 Gardner Trail,North Christopherville,WV,USA,08676
855,Williams PLC,9862 Pearson Shoal Suite 312,North Joshua,SD,USA,43234
856,Oliver LLC,33868 Garcia Field Suite 435,Vegaview,DE,USA,52897
857,Clarke-Smith,11793 Dustin Oval,Benjaminberg,NM,USA,18934
858,"Greer, Cook and Chavez",4348 Derrick Highway Suite 002,Christinemouth,NY,USA,20363
859,Baker-Elliott,81078 Timothy Gateway,North Deannaview,OR,USA,04873
860,Chavez-Parker,7291 Holly Passage,Martinezport,TN,USA,40592
861,"Ross, Ortiz and Adams",7511 Abigail Forges,East Brentside,NY,USA,94441
862,Jensen Group,3575 Donald Lodge,West Angela,OH,USA,13355
863,"Sweeney, Griffin and Potter",5338 Samuel Drives,Jessicaburgh,MT,USA,57753
864,Goodman Group,7143 Jonathan Junctions,New Kelseyshire,AR,USA,58331
865,"Mueller, Galvan and Miller",4582 Julie Lights,Mcclainville,WY,USA,07001
866,Thomas-Macdonald,682 Coleman Green,North Justinborough,ND,USA,88750
867,"Dyer, Smith and Stone",260 Blake Hill,Kristinfort,RI,USA,89322
868,"Cox, Mendez and Myers",7963 Shelby Underpass,Josephview,NM,USA,47664
869,Alexander-White,92562 James Spur Suite 094,Campbellfurt,OR,USA,92511
870,Chase-Lang,1618 Pugh Pike,Wattsbury,LA,USA,15436
871,Evans-Bridges,2363 Gonzalez Union Suite 078,Lake Ashleyville,HI,USA,20374
872,"Adkins, Blair and Schwartz",722 Jennifer Loop,Tammymouth,PW,USA,38726
873,Rocha-Rhodes,041 Samantha Green,West Anthony,CT,USA,13016
874,"Anderson, Price and Smith",736 Patton Drive,Smithport,IL,USA,67415
875,"Morgan, Jordan and Rhodes",942 Brown Isle,New Shawn,TN,USA,64372
876,Summers Ltd,05317 Kayla Key,Desireeburgh,KY,USA,29309
877,Jackson and Sons,078 Ashley Circle,Elizabethview,IL,USA,74975
878,Nguyen Group,293 Mary Mountain,North John,MA,USA,58154
879,Lopez-Ramirez,7458 Fox Circles Apt. 885,Lifort,CO,USA,49715
880,Neal-Burns,46470 Paul Ways,South Shannonville,DE,USA,52839
881,Gardner-Singleton,4922 Curry Mountain,Port Michael,CT,USA,92981
882,Robertson Ltd,77950 Stephen Ports,Port Justinshire,MO,USA,40254
883,Walker-Jimenez,2927 Sexton Square,New Joseph,SD,USA,45903
884,"Hopkins, Pena and Myers",04987 Buckley Spring,East Lauraburgh,NE,USA,77600
885,Soto-Meyer,929 Rachel Hill Suite 728,North Marisaland,PA,USA,17626
886,"Smith, Mccormick and Conley",253 Rojas Inlet Suite 373,Lake Joshuaborough,WV,USA,76902
887,"Ramirez, Franco and Copeland",87994 Carla Isle,East Raymond,FL,USA,84118
888,Franklin Group,90964 Thompson Crest,North Joanton,MH,USA,69811
889,"Summers, Cain and Logan",14462 Robert Dam,Johnsonview,WA,USA,94492
890,"Miller, Mendoza and Owens",7135 Lindsey Rapid,South Brianview,MT,USA,10640
891,Durham-Martin,258 Ryan Street Suite 446,Wallaceport,LA,USA,28652
892,Cantrell Group,2129 Eric Mills Suite 361,West Timothystad,NM,USA,05340
893,Robinson PLC,927 Jeremy Curve,Michaelton,LA,USA,05396
894,Stevens-Davidson,52491 Barbara Lodge Apt. 019,South Jamie,CT,USA,31147
895,Hall LLC,478 Kim Mews Apt. 689,Lake Tracytown,TN,USA,55931
896,Williams-Hill,75213 Duran Shoals,New Vanessa,LA,USA,07188
897,"Nelson, Morgan and Ferrell",82326 Karen Rest Apt. 848,North Melissaview,WA,USA,29503
898,Weber-Jimenez,471 Jacob Walks,South Chelseabury,NJ,USA,40581
899,"Powell, Wood and Wheeler",677 Michelle Oval Apt. 737,West Teresa,MP,USA,35722
900,Martinez Group,41325 Troy Mills,North Thomaston,CA,USA,66235
901,Mcneil PLC,6324 Morrow Stream,Dawsonstad,FL,USA,61342
902,"Miller, Smith and Mcdaniel",076 Keith Mission Suite 901,Marquezberg,WA,USA,49139
903,Stewart-Lawrence,364 Guerrero Crossroad Suite 722,Joshualand,CO,USA,41089
904,"Berry, Delgado and Blackwell",3775 Pierce Mission,North Franklin,MT,USA,86139
905,Liu and Sons,81999 Tina Port Apt. 455,North Jonathan,WI,USA,27349
906,Brown Ltd,00334 Brown Greens Suite 205,Carrside,RI,USA,71645
907,"Logan, May and Kirk",58817 Edward Parks,West Annestad,DE,USA,17793
908,Ryan Group,8645 Torres Meadow,Jenniferland,MI,USA,50712
909,Gonzalez Ltd,0512 Lindsey Creek Suite 256,Debraview,IA,USA,15064
910,Davis-Lara,16591 Kelly Ranch Suite 867,South Janet,RI,USA,15314
911,"Williams, James and Thomas",66117 Charles Well,Christinatown,NY,USA,06263
912,Cherry PLC,69190 Nunez Street Apt. 940,South Arthur,CA,USA,09870
913,Middleton-Thomas,7570 Beasley Branch Apt. 349,Kellychester,PW,USA,91110
914,Alvarado-Hays,1237 Keller Port,Obrienland,KS,USA,01736
915,"Lara, Weaver and Jacobs",707 Steve Expressway,East Elizabethmouth,MI,USA,62942
916,Ruiz Ltd,737 Scott Branch Apt. 723,Tiffanychester,TN,USA,33829
917,"Schaefer, Casey and Ramirez",555 Diane Plaza,Nortonville,TN,USA,66057
918,Griffin-Williams,17019 Humphrey Ferry,Fordberg,DE,USA,21325
919,Cardenas Ltd,2472 Hansen Cape,Stephaniebury,DC,USA,79786
920,Wu-Chapman,05793 Rodriguez Junctions,Adamland,ID,USA,70932
921,"Rivera, Johnson and Williams",963 Debra Port Suite 478,Chaseside,MD,USA,10114
922,Harvey Group,632 Singh Port,Lake Isaacstad,MS,USA,23574
923,"Shepard, Lane and Jones",4539 Tammy Center,Aprilhaven,MA,USA,76722
924,"Zimmerman, Hanna and Wells",0130 Kimberly Light,New John,AL,USA,93533
925,Golden-Martinez,543 Kelley Meadows Suite 655,Scottland,VT,USA,88088
926,"Johnson, Schwartz and Hubbard",94477 Walker Stravenue Apt. 716,Brittanyton,AK,USA,61350
927,Gonzalez-Flores,5895 Michael Court Suite 902,South Shannon,NJ,USA,46604
928,Anthony-Pollard,0726 Brianna Ways Suite 891,New Stacyberg,IA,USA,48139
929,Jones-Mcbride,3409 Teresa Greens Suite 171,West Michaelchester,MA,USA,21836
930,Gilmore and Sons,7382 Joshua Overpass Suite 030,Matthewhaven,MI,USA,29643
931,Hernandez and Sons,5600 Peter Forges Suite 218,West Rebecca,WV,USA,27407
932,Frye-Summers,883 Kristen Meadows Suite 750,East Michaeltown,UT,USA,10247
933,Cardenas LLC,18422 Phyllis Court,Martinezshire,KS,USA,56265
934,Henry and Sons,324 Gill Corner,Josephville,CA,USA,28620
935,Jenkins LLC,583 Natalie Valleys Suite 981,Benjaminborough,NM,USA,06146
936,Hughes-Soto,6242 Conner Underpass,Lake Vincent,AS,USA,75436
937,Young Ltd,882 Brian Key Apt. 594,East Wendyton,IA,USA,42615
938,Jackson Inc,1649 Brenda Wall Apt. 023,Port Stacy,MP,USA,34892
939,Myers-Galloway,455 Jose Rapids Apt. 369,Lake Caroline,VT,USA,47021
940,Ortiz Inc,160 Montgomery Streets Suite 703,North Gabriela,SD,USA,66892
941,Palmer-Francis,98776 Leroy Square Apt. 262,Deborahview,KS,USA,03637
942,Thompson-Fernandez,61614 Heather Forks,New Carol,WA,USA,63931
943,Davis-Fields,9698 Hughes Way Apt. 571,East Laurenland,RI,USA,15759
944,Terrell Group,2528 Garcia Field,Samanthaview,MI,USA,83033
945,Silva-Lewis,71286 Turner Skyway Suite 226,West Kelliborough,FL,USA,83632
946,"Brown, Burton and Lopez",5088 Nicole Burgs,Geraldtown,WV,USA,64627
947,"Hamilton, Santos and Williamson",1453 Marissa Coves Apt. 701,Port Kevinbury,MD,USA,07604
948,Carpenter-Chen,80508 Park Brooks,Samuelmouth,OR,USA,53996
949,King Group,47941 Donald Underpass,South Jasmine,SC,USA,95700
950,"Brady, Garcia and Thomas",2515 Brian Neck Suite 359,South Gregoryton,MA,USA,36848
951,Taylor-Brown,1736 Eddie Ports Apt. 550,Greenville,AZ,USA,30331
952,"Hernandez, Silva and Henry",800 Rivera Plaza Suite 672,New Kimberly,MA,USA,40024
953,Rodriguez-Jefferson,241 Danny Ferry,Rodriguezburgh,NM,USA,92527
954,Cross PLC,99121 Casey Forge,West Melissaport,IL,USA,65968
955,Ponce-Leblanc,11704 Ramirez Lights,East Robert,MD,USA,93697
956,Vega LLC,85323 Thompson Isle,North Robertville,MO,USA,21294
957,Ortiz PLC,0450 Anthony Summit Suite 571,Lake Masonfort,MT,USA,62596
958,Peterson-Casey,13070 Hubbard Spur Apt. 545,Vanessatown,LA,USA,62205
959,Cruz Ltd,27504 Burns Ridge Apt. 495,Morrisbury,HI,USA,71328
960,Hernandez Group,12389 Carter Causeway,Port Taylorbury,IA,USA,41680
961,Sutton LLC,6125 Hicks Villages Suite 902,West Karen,MO,USA,59484
962,Wilkins Group,85038 Morales Junction Suite 026,Gonzalezchester,AS,USA,89538
963,"Clark, Hunter and Carter",408 Emma Gateway Suite 061,East Ryan,MS,USA,67759
964,Sanchez Group,570 Stacey Branch,New Anaberg,KS,USA,16069
965,Weber-Smith,95340 Theresa Haven,Fieldshaven,PW,USA,33415
966,Hicks-Allen,7903 Johnson Valley,Bakerberg,GA,USA,66562
967,Campbell LLC,43398 Elizabeth Course,North Christophershire,PA,USA,98081
968,"Boyer, Becker and Gomez",882 Krause Key Apt. 720,Sampsonfort,CA,USA,50126
969,"Henry, Bailey and Carter",243 Michael Valleys,East Christopher,CT,USA,82534
970,Wang-Maldonado,4948 Ware Road Suite 032,Lake Jesse,AK,USA,25021
971,"Winters, Williamson and Hall",378 Gross Square,Woodstown,IN,USA,22194
972,Rodriguez-Rogers,314 Patrick Mews,New Derrickport,SC,USA,63690
973,Jones and Sons,48328 Randy Pass Apt. 602,Wrightshire,OK,USA,38512
974,York and Sons,7251 Kevin Lock Apt. 930,New Abigailchester,MT,USA,62584
975,"Leblanc, Underwood and Smith",3075 Welch Run,Stewartton,VT,USA,11135
976,"Quinn, Bridges and Robbins",41392 Lopez Knolls,New Arielberg,OK,USA,85020
977,"Richards, Smith and Smith",6864 David Circles,Lake Suzannefort,CO,USA,25062
978,"Lee, Rodriguez and Carter",45285 Vargas Fork Suite 528,Jeffreymouth,AK,USA,02435
979,Garcia LLC,7351 Carson Prairie,East Robertborough,VI,USA,92637
980,Price-Sutton,012 Peter Island,Marcburgh,SC,USA,98480
981,"Rosales, Alexander and Flynn",21853 Bates Ridges Apt. 529,New Lauren,IL,USA,11322
982,"Foster, Lopez and Anderson",41355 Williams Roads,New Kevin,KY,USA,87063
983,Townsend LLC,60878 Emily Shores,East Johnland,ID,USA,60751
984,Wilson-Gilbert,726 Michael Isle Apt. 141,South Gregory,CA,USA,46322
985,"Taylor, Le and Horne",82406 Angel Drive Suite 800,Port Dana,OR,USA,21367
986,Fox Group,4334 Carter Branch Suite 127,Jessicaside,OR,USA,23954
987,Anderson-White,8623 Neal Alley,East Hannah,NV,USA,32313
988,"Moore, Berry and Hernandez",701 Bell Orchard,Anneberg,DC,USA,87611
989,Paul PLC,1918 Laura Springs,Lake Douglasstad,TX,USA,29104
990,"Leon, Lewis and Rich",3167 Robert Squares Suite 254,Lake Stephanie,VA,USA,87656
991,Wilson-Cochran,97574 Megan Orchard,West Nicolefort,MN,USA,40607
992,Hodge-Shaw,28436 Weiss Mount,South Randall,NC,USA,17056
993,Prince Ltd,61315 Davis Meadow,New Richard,IN,USA,83723
994,"Drake, Morris and King",615 Morgan Row,Williamberg,CT,USA,17469
995,Williams PLC,90257 Michelle River,Harrisonstad,FM,USA,05111
996,Dunlap-Floyd,621 Jimmy Cliff Suite 629,Silvafurt,OR,USA,90523
997,"Hall, Knight and Caldwell",5251 John Trail,Figueroaport,UT,USA,33985
998,Porter Ltd,7385 Andrew Inlet,Jeanetteview,MA,USA,44715
999,"Townsend, Christian and Harris",23605 Pena Divide,Morganbury,AR,USA,89198
1000,Bailey Inc,62807 Burke Ford,Julieshire,PA,USA,34721
