id,name,addr_str,addr_city,addr_ste,addr_ctry,addr_zip
1,Herrera and Sons,755 Veronica Alley,Lawrencestad,IN,USA,76450
2,Gibson-Jones,46799 Alexander Street Apt. 421,Ginaborough,PW,USA,53886
3,Foster-Fuller,142 Johnson Plaza,Dyerport,AK,USA,87994
4,Vazquez-Lucas,464 Brown Rapids,North Jeffreychester,AK,USA,74419
5,Morgan-Miller,30862 Aguilar Ranch Suite 417,Andremouth,AL,USA,21767
6,Green and Sons,40464 Todd Ville Suite 049,Port Ashley,PR,USA,95029
7,"Dodson, Gibson and Simon",7017 Martinez Court,Lake Craig,LA,USA,02759
8,Matthews PLC,192 Brown Tunnel Apt. 483,North Marie,AL,USA,91606
9,Thompson-Malone,53485 Lopez Mount Apt. 801,New Anthonyland,MD,USA,01875
10,Salazar Inc,817 Karen Rue,Stacychester,DE,USA,76254
11,Scott Ltd,28278 Bradshaw Way Suite 996,North Krystalfurt,AS,USA,21226
12,Lopez PLC,0488 Smith Spur Suite 320,Riversland,IN,USA,64467
13,Cox and Sons,6561 Laura Rapid,Kingfurt,CT,USA,90434
14,Stewart-Fowler,26254 Matthew Estates,Rickyland,IA,USA,64549
15,Chambers Group,5534 Kaitlyn Turnpike Suite 167,Andreatown,MT,USA,55081
16,Martinez PLC,785 Jeanne Station Apt. 017,West Michelleland,CT,USA,29113
17,Rodriguez-Sullivan,164 Harper Ford,Toddfort,GU,USA,03449
18,Smith-Lowery,35116 Hill Stravenue,Williamfort,RI,USA,06191
19,"Walsh, Jones and Smith",3866 Randolph Mountain Suite 444,Matthewberg,SD,USA,57916
20,"Martin, Cantrell and Martin",70355 Terri Crest Apt. 439,Browningstad,GA,USA,86636
21,Cummings PLC,77822 Johnson Alley,South Eric,OR,USA,99860
22,"Davis, Garcia and Gross",731 Riley Summit Apt. 881,New Megan,AR,USA,07967
23,Edwards-Herrera,93182 Ronald Shores Suite 372,New Courtney,MN,USA,34748
24,"Campbell, Benson and Thompson",70292 Tyler Port,Edwardbury,RI,USA,57962
25,"Baker, Sanders and Avila",479 Jennifer Fork Apt. 265,East Jerome,GU,USA,23335
26,Lawson and Sons,70622 Zuniga Well Apt. 519,Leeview,SD,USA,94671
27,George Group,7059 Alexander Alley,Gilmoreshire,VT,USA,91895
28,Gonzales Ltd,465 Kyle Spurs Suite 110,Deborahchester,GU,USA,45871
29,Snow PLC,421 Kerr Ford Suite 292,Elizabethstad,FL,USA,34789
30,Hale-Barnett,901 Perry Drive,Robertostad,IN,USA,28086
31,"Hart, Williamson and Rodriguez",50860 Kyle Point Suite 621,Thompsonburgh,FM,USA,71149
32,Rice-Perez,85068 Jonathan Plaza Apt. 257,Nelsonmouth,NH,USA,80888
33,Stewart-Tran,4582 Brown Cape Suite 599,Charlesstad,NV,USA,00967
34,Torres Ltd,304 Adkins Lock,South Ralph,NJ,USA,95597
35,"Ellis, Patterson and Schultz",894 Petersen Village Apt. 814,Porterport,DE,USA,32661
36,"Stewart, Davis and Pitts",381 Bradford Bypass,Ellenville,PR,USA,06810
37,Mosley-Morgan,81430 Monica Orchard,Brandonberg,GU,USA,27729
38,Lewis Inc,405 Timothy Inlet Suite 311,Lake Jason,NC,USA,84586
39,"Farley, Rivera and Graham",28746 Sarah Gateway,East Billy,ME,USA,55755
40,Duarte Group,571 Maynard Fork,Hernandezland,AK,USA,53137
41,Davis-Williams,17204 Donna Fork Suite 170,Port Tina,ID,USA,92278
42,Hughes Inc,54591 Bryan Circle,South Sarah,NV,USA,21140
43,Smith LLC,594 Christopher Prairie,South Dillon,TX,USA,44139
44,"Johnson, Anderson and Wilson",9729 Hernandez Passage Apt. 489,Derrickton,IN,USA,19496
45,Wright-Salazar,773 Laura Crossroad Suite 124,East Erica,GA,USA,24500
46,"Scott, Hart and Alvarez",6506 Graham Tunnel,Lake Tiffanyburgh,VA,USA,15105
47,Collier Group,3656 Angelica Mills,Jamesburgh,NJ,USA,41580
48,Heath Inc,8482 Kline Ridges,Robinsonside,AS,USA,28602
49,"Palmer, Johnson and Caldwell",09270 Laura Pines,Andrewmouth,SC,USA,09594
50,Gomez-Garza,1192 Brooks Pike Suite 519,West Sarah,MH,USA,92536
51,"Powers, Strickland and Johnston",69607 Whitney Heights Suite 299,Ballbury,MS,USA,71466
52,Reed-Clark,44264 Turner Springs Suite 118,Macdonaldmouth,WI,USA,96234
53,"Edwards, Marks and Hardy",5853 Virginia Trail,Smithtown,GU,USA,65594
54,Frank LLC,547 Russell Mill,New Kent,VA,USA,64290
55,Davis Ltd,5380 Savage Tunnel Suite 232,Melissaville,TX,USA,07655
56,"Malone, Long and Orr",535 Tara Squares,West Andrewmouth,MS,USA,86473
57,Hill LLC,9475 Sierra Ville Apt. 959,East James,DC,USA,60831
58,Campos PLC,830 Powell Knolls,Davidville,WI,USA,98166
59,"Mccoy, Gregory and David",937 Patel Ferry,South Kelly,NM,USA,96549
60,Perkins Inc,24149 Megan Mission,Browntown,VT,USA,38550
61,Morrow-Branch,258 Aaron Locks Suite 860,Port Kellyfurt,KY,USA,74808
62,Waller LLC,899 Vickie Valley,Timmouth,VA,USA,90153
63,"Delgado, Cardenas and Gomez",7580 Brett Course Apt. 934,Lichester,PA,USA,94946
64,Robbins-Hill,545 Mahoney Village,Shariburgh,CO,USA,67014
65,Davis LLC,8767 Kim Oval Apt. 915,Robertshaven,WA,USA,63709
66,"Smith, Jensen and Merritt",42781 Danielle Fords Apt. 185,South Veronica,VI,USA,01809
67,Wilson-Williams,5126 Phelps Station,North John,ID,USA,31860
68,"Rangel, Armstrong and Cook",908 Lauren Union Suite 462,Brendaton,RI,USA,52274
69,Mcpherson PLC,996 Mark Mill Apt. 916,Edwardborough,MA,USA,22562
70,Spears and Sons,70377 Holly Park,Greenville,IN,USA,61599
71,Bailey Inc,899 Hall Junction Suite 268,New Chelsea,TN,USA,87361
72,"Baker, Flores and Gomez",1491 Wheeler Walks,East Christinechester,OH,USA,79686
73,"Ali, Ray and Gonzalez",05064 French Run,East Natalie,TX,USA,43441
74,"Ramirez, Palmer and Lopez",41598 Ashley Place Apt. 852,Jacksonland,WA,USA,45758
75,Price Group,6823 Hayes Tunnel,New Robertostad,SD,USA,57171
76,Waters-Kerr,60348 Thomas Freeway,Port Jacquelinemouth,MP,USA,75790
77,Brown and Sons,937 Harvey Wall Apt. 540,North Elizabethmouth,PA,USA,60240
78,Dickson-Dunn,7730 Ashley Cliffs Apt. 745,Gentryburgh,TX,USA,49233
79,Wright and Sons,283 Thomas Ridge,Greenview,NE,USA,32628
80,Kelly-Williams,5154 Kelly Tunnel Apt. 187,Huynhmouth,VA,USA,26014
81,"Smith, Contreras and Turner",94803 Petersen Rapid Apt. 668,Melvinburgh,DC,USA,21365
82,Santos-Martinez,64394 John Cliff,Mikeland,NE,USA,29198
83,Cooper-Long,150 Sanchez Well Apt. 948,Atkinsberg,PA,USA,35241
84,Cook Ltd,7134 Perez Loaf,West Maxfort,AS,USA,31685
85,"Hampton, Aguirre and Peters",2449 Pierce Turnpike Suite 053,Karenfurt,KS,USA,18914
86,Mason-Davidson,056 Carla Lane,East Molly,KY,USA,92798
87,Thomas LLC,925 Lee Stream,Jacksonbury,AL,USA,67914
88,Thompson-Hernandez,800 Bradley Highway,North Bonnie,OK,USA,17413
89,Smith-Johnston,6840 Jeremy Well Suite 148,Susantown,NM,USA,55576
90,Powell Group,4902 Michael Parks Apt. 266,Lake Josebury,NE,USA,46132
91,"Bennett, Donovan and Peterson",676 Shane Locks Apt. 793,East Dianeland,MI,USA,79338
92,Morales-Keith,771 Lisa Circle,South Victoria,ND,USA,09300
93,Johnson-Keith,882 Bolton Mission Apt. 083,South Paulafurt,AK,USA,06560
94,"Armstrong, Johnson and Schwartz",52718 Christopher Greens,Jonesside,WI,USA,24870
95,Warren Group,648 Samantha Canyon,Mcdanielhaven,PA,USA,13602
96,Lynch-Roberts,57501 Watson Parkway Apt. 071,Riveraland,FL,USA,84294
97,"Rivera, Perkins and Lopez",365 Suzanne Manor,Kristyborough,WA,USA,85380
98,Fisher Inc,1939 Ariel River Apt. 125,Abbottton,WI,USA,84143
99,"Reynolds, Vargas and Henry",84644 Melissa Village Apt. 008,New Robertmouth,DE,USA,79686
100,Logan Group,05113 Ramos Shores,West Cynthiafurt,UT,USA,45782
101,Ray PLC,17877 Chad Inlet,Webbville,TN,USA,71996
102,Black-Moore,919 Davis Common Apt. 456,Scottstad,UT,USA,87480
103,Ramirez-Davidson,1847 Hill Estates,Knightville,VI,USA,97562
104,"Osborne, Davis and Guerrero",4201 Sanchez Plains Suite 320,Elijahside,LA,USA,99171
105,Moore and Sons,164 Mark Cape,Brittneybury,RI,USA,14395
106,"Rogers, Mckenzie and Wilson",974 Ramirez Plains Apt. 901,West Bryanburgh,CO,USA,47323
107,Moore and Sons,622 Schultz Drive,Stephanieville,DC,USA,46484
108,Pham-Hammond,019 Martin Rapid,New Amberburgh,UT,USA,41255
109,Williams and Sons,11257 Victor Stravenue Suite 839,Barnettville,KY,USA,56659
110,"Bullock, Weaver and Gallegos",473 Amber Run Suite 721,Adamstad,DE,USA,12089
111,Jimenez LLC,90419 Christopher Prairie Suite 234,Port Cheyenne,NM,USA,88485
112,Ramirez and Sons,3132 Peter Fall,Lake Ashley,SC,USA,13316
113,"Flores, Lewis and Barker",4526 Johnson Street,South Frankside,VA,USA,20031
114,Martin-Arroyo,83292 Sparks Squares,Anneside,AL,USA,28016
115,"Allen, Wilson and Mercer",27982 Melendez Crossroad Apt. 471,Crawfordmouth,VI,USA,28591
116,Santiago Ltd,76301 Parks Manor,Vanceport,LA,USA,93623
117,"Mullen, David and Hickman",9484 Nicholas Walk Suite 153,Port George,CO,USA,21400
118,Harris Ltd,51400 Alexis Mountains,New Dustinshire,GU,USA,81103
119,Bernard-Yu,40307 Brenda Plain,South Lauren,OR,USA,56712
120,Powers Inc,25923 William Trafficway Apt. 074,Lake Brianbury,MP,USA,14192
121,Boyd Inc,6769 Dyer Common,Wilkinsonmouth,FM,USA,59445
122,Gray-Sloan,5029 Davidson Landing,Maryfurt,PA,USA,12593
123,Miller-Ryan,6035 Anderson Plains Suite 117,Lake Kimberg,WY,USA,50558
124,"Woods, Tapia and Smith",69222 Murray Bridge Suite 290,Lake Pennyland,MD,USA,05220
125,Brown-Elliott,1293 Kennedy Mountain Apt. 562,Ashleyfurt,ND,USA,84657
126,Contreras Ltd,7202 Taylor Junction,South Kimberlyfurt,WI,USA,68748
127,Martin PLC,82566 Erik Loaf,Brownburgh,UT,USA,46961
128,Leonard Ltd,89241 Hall Junction Suite 744,Karenberg,NY,USA,24913
129,"Lucas, Clark and Evans",1941 Lynch Camp Suite 984,Lake Sharonview,VI,USA,13314
130,"Franklin, Jones and Bailey",79227 Heather Locks Suite 069,Port Christopher,PW,USA,16127
131,"Jacobs, Zavala and Diaz",925 Powell Mission,Martinshire,CO,USA,24686
132,Ross and Sons,888 Kevin Greens Suite 704,Greeneton,AK,USA,13535
133,Robbins-Ramos,05177 Haley Mews Suite 291,North Russell,TX,USA,67688
134,"Miller, Garrison and Barton",735 Walters Inlet Apt. 928,Stacyhaven,MH,USA,34003
135,Butler-Smith,788 Julia Centers,Derekside,WA,USA,29032
136,Baker LLC,33374 Mary Islands,Terrencechester,MD,USA,81380
137,Jackson-Allen,64349 Nicole Forest Suite 975,Amyfurt,KY,USA,04303
138,Mcgrath-Smith,456 Patricia Inlet Suite 880,Tracyland,SC,USA,11431
139,Macias Inc,2139 Amy Avenue Apt. 421,Brittneymouth,AS,USA,71596
140,Mack Inc,7667 Martha Inlet Suite 348,West Bethany,NJ,USA,37139
141,Galloway-Ramirez,75116 Gutierrez Glens,Lake Danielfort,VA,USA,41525
142,Gregory-Wallace,585 Alvarez Lake Apt. 774,Davidfort,ID,USA,92383
143,"West, Farrell and Cobb",61899 Andrew Corners,Port Daniel,WV,USA,60487
144,Griffin-Baker,0066 Joseph Run Suite 475,South Anthony,HI,USA,32079
145,Wilcox-Wade,2598 Cindy Dale,North Justin,WY,USA,81482
146,Newman-Velasquez,0640 Dan Passage,West Elizabeth,TN,USA,19335
147,Cunningham-Berry,3389 Rodriguez Forge Suite 650,Lake Terrifort,ME,USA,46128
148,"Huff, Kim and Brooks",7482 Craig Stream,Yatesview,OR,USA,15886
149,Johnson-Becker,8626 Payne Village Apt. 505,East Julian,MN,USA,89303
150,Robinson LLC,821 Jennifer Creek Apt. 621,Hessshire,SC,USA,41609
151,Smith Group,740 Little Island Suite 771,Brandonborough,RI,USA,30667
152,"Cox, Griffith and Holland",117 Jackson Harbor,Elliottton,DC,USA,01907
153,Welch PLC,3911 Fuller Route,North Stephaniebury,NE,USA,71328
154,Jackson PLC,51402 Mcpherson Lights,Shannonville,MT,USA,14220
155,Williams Group,040 Potter Mills Apt. 860,North Brittney,TX,USA,95957
156,Yang-Little,8990 Lisa Drives,East Hectormouth,CO,USA,57121
157,Taylor-Brown,74179 Smith Trail,North Meghanside,AR,USA,47238
158,"Stephens, Ramsey and Lucas",715 Kristen Garden Apt. 349,Ashleyfort,KY,USA,01328
159,Cantu and Sons,4121 Daniel Burgs,North Jeffreyland,PA,USA,74098
160,Lewis-Contreras,86604 Frank Light,Allisonport,AZ,USA,73066
161,Lucas PLC,65461 Christopher Landing Suite 673,East Deannahaven,NE,USA,41484
162,Coleman-Schwartz,852 Eric Rue Suite 554,Taylorchester,NJ,USA,11648
163,"Hopkins, Kelly and Moreno",2400 Schneider Canyon,North William,MI,USA,97707
164,"Ellis, White and Howe",00871 Lopez Forest,West Michael,MN,USA,33088
165,Terrell-Nielsen,11290 Arnold Trace,Kellyberg,PA,USA,05778
166,Elliott-Dyer,56742 Kendra Ranch,Kimberlyshire,DC,USA,53448
167,Grimes-Roberson,6180 Gonzalez Road,Barreraport,CO,USA,07939
168,Hayes-Bailey,728 Edward Fords Apt. 550,Brandonside,MN,USA,18943
169,"Day, Rosales and Hall",1186 Samantha Park,East Aaron,KY,USA,29294
170,Love-Knox,177 King Port Suite 440,South Shane,IA,USA,79044
171,White Inc,48083 Rodriguez Unions Apt. 651,Andreabury,NE,USA,14780
172,Brown-Parker,355 Adam Club Suite 632,West Deniseshire,WI,USA,22276
173,Cole-Williams,31037 Lance Mews,Carterchester,SC,USA,07795
174,Bishop Ltd,7596 Rebecca Avenue Suite 487,Angelicashire,AR,USA,66612
175,"Allen, Chapman and Smith",66734 Fuentes Plaza Apt. 782,Brownview,NV,USA,78082
176,Lewis and Sons,8034 Laurie Skyway,New Corymouth,MN,USA,62182
177,Martin-Burns,17250 Garcia Green Suite 581,Terriburgh,AR,USA,25835
178,Mcneil-Dalton,8307 Salinas Junction Suite 464,Thomasfurt,OK,USA,48570
179,Andrews Ltd,458 John Common Apt. 531,Jefferymouth,TN,USA,96765
180,Williams-Turner,9744 Traci Locks,Grantport,NE,USA,99935
181,Massey-James,79229 Cohen Manor,Lake Kari,HI,USA,93757
182,Smith-Burch,6377 Vanessa Alley,Kurtland,NE,USA,68211
183,"Moore, Miller and Smith",670 Lucas Extension,Port Bobbyberg,MI,USA,40594
184,Turner-Owens,170 Nathan Forks,Port Georgeberg,OR,USA,72893
185,"Webb, Crawford and Gonzalez",628 Michael Port Suite 571,Phillipsfurt,GA,USA,44087
186,"Thomas, Armstrong and Wright",38760 Kaitlin Parkway Suite 364,Taylorbury,GA,USA,22194
187,"Avila, Hall and Gray",8889 Mathis Mountain,Christopherstad,AL,USA,51133
188,Cole-Williams,340 Horn Camp Suite 240,Michellehaven,AR,USA,06761
189,Powers Ltd,394 Derrick Path Suite 284,Wilsonport,SC,USA,69733
190,"West, Randolph and Duncan",2044 Alisha Inlet,Moonland,UT,USA,25668
191,"Montgomery, Knapp and Leon",61272 Joseph Fort,Smithberg,MP,USA,27566
192,Martin LLC,52397 Aguilar Center,South Karenland,MS,USA,19270
193,Richard PLC,817 Rios River,Michaelmouth,ID,USA,31132
194,Miller PLC,1016 Reyes Wall,South Jeffreyfurt,SD,USA,31036
195,Mcconnell Ltd,13639 Peterson Circle,Port Jessicaton,NC,USA,24302
196,"Riley, Barr and Brown",92860 William Mission,Bennettland,NY,USA,71047
197,Black-Mcgee,98940 Philip Freeway Suite 238,Garyland,ME,USA,23623
198,Barnes Ltd,99968 White Manor Suite 870,Joelhaven,NY,USA,28350
199,"Duncan, Kim and Peterson",806 Parsons Mill,New Jenniferborough,CA,USA,54008
200,Mendez-Mcmahon,72617 Jose Island Suite 032,South Erik,IA,USA,96108
201,Shannon-Henson,7682 Lane Gardens Suite 829,West Kyletown,CA,USA,13801
202,Wise Group,160 Boone Point Suite 728,North Jenniferborough,NV,USA,09256
203,Clark Group,637 Stephanie Club Apt. 038,Port Mark,MI,USA,40612
204,Jensen-Murphy,43620 Sawyer Parkways,North William,MP,USA,01477
205,"Gould, Miller and Holden",5599 Gonzalez Fork Suite 643,New Lauriefort,VI,USA,24877
206,Torres-Blake,05300 Adam Cliff Suite 129,Monicatown,OR,USA,71749
207,Hahn Inc,3639 Robert Land,Austinbury,AK,USA,58740
208,Woods-Fuller,6294 Marissa Canyon,West Thomas,SD,USA,37098
209,Jenkins LLC,834 Joseph Crossroad,Xaviershire,KY,USA,60801
210,Hill-Marquez,4239 Andre Village Suite 724,Michaelhaven,LA,USA,68613
211,Lara Group,7104 Williams View,Davisborough,AZ,USA,25703
212,"Olson, Young and Martinez",78741 Dougherty Divide Suite 455,New Ashley,WI,USA,16939
213,Kerr PLC,52579 Kelly Junctions,Martinezshire,NC,USA,60777
214,Johnson Group,071 Stephen Island,Brandtchester,WY,USA,68214
215,Huerta LLC,516 Garcia Shore,West Christopherfurt,DE,USA,83495
216,Shaw Ltd,6762 Rachael Squares Suite 368,New Marilynberg,RI,USA,41585
217,Holmes Group,801 Jason Radial Apt. 615,Leeview,KY,USA,88506
218,Vaughn PLC,01332 Malone Summit Apt. 137,Leonardfort,NH,USA,04688
219,Wilson LLC,136 Williams Burgs,Rosefurt,CA,USA,97281
220,"Lopez, May and Archer",122 Smith Valleys Apt. 526,East Craig,VI,USA,70922
221,Parker Group,2178 Kayla Unions,South Michaelmouth,DC,USA,71390
222,"Rios, Jackson and Smith",75247 Sharon Circles,Dianemouth,VA,USA,63421
223,Valdez Inc,5965 Durham Square Suite 960,Barnesview,MD,USA,57427
224,"White, Jimenez and Powell",300 Brennan Row Apt. 236,Chavezton,MD,USA,14183
225,Lambert-Bradford,60935 Lindsay Flats Suite 779,Kathyshire,GA,USA,65205
226,Diaz Inc,84440 Anna Neck Suite 648,Davidview,NJ,USA,46141
227,Richardson Inc,48533 Emily Track,Cookstad,MP,USA,87068
228,Dennis-Weaver,15654 Danielle Shore Suite 800,South Charles,MP,USA,19898
229,Jacobs Inc,8237 Edward Estates Suite 580,West Kathleenton,CO,USA,14556
230,"Ayala, Chavez and Garcia",59029 Jones Land,Glenfort,AL,USA,56577
231,Smith-White,81567 Kristin Knoll Apt. 193,New Rebeccaville,MN,USA,24336
232,Harris PLC,24902 Melinda Canyon,Danielleville,MA,USA,14578
233,Roberson PLC,70400 Nicholas Forge Apt. 978,Kevinton,ND,USA,54900
234,Jones-Ruiz,06980 Jessica Rapids,North William,MT,USA,47173
235,Moran and Sons,15124 Mcdaniel Prairie Apt. 606,Sierraside,ID,USA,92577
236,Patel-Smith,060 Meyers Fork,North Cynthiamouth,IA,USA,69776
237,"Cook, Marshall and Howell",21967 Kristy Extensions Apt. 115,West Tylerstad,FL,USA,79000
238,Petersen-Barry,323 Jackson Road Apt. 863,South Calvin,PR,USA,42794
239,Webster-Allen,1580 Eric Tunnel,West Alexis,NV,USA,04809
240,Sandoval-Buchanan,356 Richard Stravenue,Port Michaelberg,KS,USA,13864
241,"Cortez, Perez and Whitney",579 Bryan Station Apt. 336,West Willieport,ID,USA,47311
242,Armstrong PLC,985 Johnson Grove,North Hayley,SD,USA,65136
243,Nguyen-Reeves,31425 Heather Estate,Riverahaven,DE,USA,67227
244,Moore-Lee,7645 David Groves,West Catherinehaven,VT,USA,02783
245,"Tran, Brooks and Wilson",1969 Peters Fall,North Michaelton,ME,USA,36842
246,"Davis, Miller and Estes",0946 Colin Lakes Apt. 248,Ericfort,NY,USA,40997
247,Kerr Inc,1041 Medina Locks Apt. 314,Nathanstad,WY,USA,94873
248,Lloyd PLC,2076 Crystal Green Apt. 497,Aaronberg,AL,USA,21816
249,"Perez, Hamilton and White",0198 Michelle Estate Suite 554,Jamesshire,MS,USA,60910
250,Mann PLC,30924 Peters Wells Suite 689,East Anntown,NM,USA,90710
251,"Fleming, Ortega and Morgan",02888 Mccullough Plaza Apt. 022,Loriland,CT,USA,60720
252,Jackson-Acevedo,5290 Morgan Station,Richardsonview,MT,USA,68589
253,"Holmes, Cole and Santiago",23577 Michelle Glen,Amandafort,OH,USA,04226
254,Wright PLC,557 Nelson Skyway,North Daniellemouth,MT,USA,93080
255,Chen-Reeves,11530 Mann Springs Apt. 921,North Katherineburgh,LA,USA,88466
256,"Stuart, Ruiz and Stewart",49766 James Union Suite 273,Lake Bethanyshire,VT,USA,04241
257,"Hernandez, Shannon and Henderson",719 Carolyn Inlet,Hornshire,OK,USA,31817
258,Baker Group,080 Rodriguez Turnpike Apt. 881,South Leahton,UT,USA,13726
259,Cannon PLC,34594 Brittney Prairie,Priceburgh,ID,USA,54530
260,Herring-Graves,1411 Burton Tunnel Apt. 154,Lake Samuel,KY,USA,18359
261,Kennedy Inc,24368 Martinez Springs Suite 678,Clarkchester,AS,USA,80960
262,"Wiggins, Vasquez and Peck",225 Gary Spurs,Lake Elizabeth,NV,USA,21184
263,"Haney, Martinez and Wright",45033 Sarah Estates,Pamelatown,MN,USA,05716
264,Lang Group,3548 Matthew Prairie Apt. 931,East Rachel,MP,USA,46073
265,Olson-Davis,484 Roberts Fields Suite 700,Lake Williamland,IL,USA,80515
266,Sherman-Long,97521 Morales Walks,West Dwayneside,AS,USA,41796
267,Castillo-Saunders,935 Snyder Drive Apt. 403,Joseshire,WY,USA,01257
268,Edwards Inc,04645 James Brook Suite 461,Josemouth,NM,USA,47953
269,Johnson and Sons,3733 West Mills Suite 689,East Kyle,NJ,USA,65008
270,"Rodgers, Thornton and Mcdonald",3354 Timothy Inlet,North Toddbury,MP,USA,75052
271,Fisher Inc,200 Whitney View,North Laurentown,PA,USA,17402
272,Evans-Grant,85189 Michael Park,New Michael,NV,USA,98650
273,Cain-Harper,41595 Eric Stream Suite 572,Esteschester,TX,USA,48659
274,"Payne, Morrow and Wood",76480 Julie Junction Apt. 752,Miguelmouth,ND,USA,08045
275,Fields Group,3664 Fleming Station Apt. 719,Mcclainport,WY,USA,80932
276,Bird Group,143 Snow Junction Apt. 989,Juliemouth,GA,USA,30805
277,Olson-Prince,795 Alicia Square Suite 018,Greenefurt,NY,USA,58880
278,Johnson-Reeves,084 David Lakes,Annville,WY,USA,84946
279,"Hurst, Parrish and Gutierrez",5586 Munoz Wells,Andrewstad,VI,USA,19494
280,"Garrett, Knight and Moreno",724 Johnson Trail Suite 508,New Matthew,MO,USA,29635
281,Yang and Sons,4211 Natalie Fields,Port Nicole,UT,USA,22152
282,Burke-Graham,4622 Rodriguez Knolls,Morrisonbury,KY,USA,47024
283,"Hernandez, Reyes and Hernandez",6317 Alexis Locks,New Michelle,HI,USA,11756
284,Steele-Arellano,05967 Peterson Shore Apt. 711,New Charlesville,LA,USA,49653
285,"Price, Hayes and Martin",2671 Ryan Fort,Scottton,OK,USA,42774
286,Garcia PLC,482 Pena Point,East Erica,FL,USA,38604
287,Sanders LLC,231 Samantha Passage Suite 227,West Kristopher,IN,USA,96375
288,Benson and Sons,68334 Robles Ville Suite 083,Ginastad,MA,USA,46648
289,"Munoz, Ayala and Hicks",38578 Burgess Turnpike Apt. 401,Averymouth,PA,USA,04006
290,Rice and Sons,8701 Fernandez Bridge Apt. 689,North Carrieborough,TX,USA,12914
291,"Dunn, Soto and Carpenter",43559 Jennifer Rest Apt. 587,Schneiderview,NJ,USA,05574
292,"Ward, Alexander and Knapp",0121 Lee Square,Prestonfort,MH,USA,28750
293,Lee and Sons,76415 Brooke Roads,Matthewside,AR,USA,23553
294,Stevens-Howard,42664 Denise Walk,East Jamiemouth,AL,USA,87174
295,Chambers-Smith,1047 Christine Crossroad Suite 614,Lake Christopher,OR,USA,45125
296,"Smith, Price and Poole",802 Mcdonald Roads,Michaelland,MO,USA,53588
297,Carter-Odonnell,17158 Juan Spurs Suite 004,Parkertown,GA,USA,32932
298,Johnson Inc,7007 Jonathan Rapids,Lanceborough,FL,USA,37112
299,Ayala Ltd,11002 Hamilton Route,South Patriciaberg,NC,USA,10582
300,Mckinney-Moran,824 James Cape,Thomasbury,WV,USA,35201
301,Rose-Carter,70592 Jon Crossroad Apt. 620,Johnsonfort,RI,USA,34288
302,"Johnson, White and Mcclure",52761 Fritz Dale Apt. 338,Shannonville,CA,USA,75787
303,Stewart-Edwards,5305 Jasmine Grove Apt. 183,Port Jennifer,WY,USA,21889
304,Miller Group,1390 Susan Extension Suite 769,North Brian,NC,USA,35795
305,"Harris, Rodriguez and Grant",0905 Berry Falls Suite 900,Matthewstad,RI,USA,07511
306,Miles Inc,311 Oneal Parkway,Ortegaville,MD,USA,64050
307,Ferguson-Gonzalez,01530 Nicolas Harbors Apt. 442,Simsbury,LA,USA,05862
308,"Byrd, Davis and Brown",71380 Miller Greens,Dorseyfort,PR,USA,54239
309,Edwards Inc,06145 Turner Harbor Apt. 894,Vazquezmouth,WV,USA,82719
310,Cortez Inc,2433 Ferguson Gateway,Port Joshua,NY,USA,90212
311,"Wright, Gardner and Lindsey",584 Dawn Prairie Apt. 040,New Shawnton,GU,USA,46256
312,Clark-Kelley,5036 Katherine Shoals Apt. 836,Schaefermouth,MS,USA,32542
313,Mckinney Group,3725 Randy Crossing Suite 593,North Erinshire,IN,USA,36312
314,"Hernandez, Velez and Reid",69940 James Track,Watersborough,AL,USA,01233
315,Schroeder-Evans,0570 Mark Meadows,New Roger,MP,USA,08541
316,"Crawford, Ryan and Phillips",980 Webb Square,North Kevin,WA,USA,26761
317,"Campbell, Snyder and Flores",35509 Timothy Lights,New Alexis,GU,USA,33174
318,"Adams, Wells and Miller",0253 Jermaine Cliff Apt. 440,West William,MN,USA,94384
319,Ayala Inc,11223 Jason Squares,East Joseph,MH,USA,68275
320,Greene LLC,8367 Krista Road Apt. 186,Port Scottstad,HI,USA,72230
321,Bond Ltd,37885 Le Heights Apt. 373,Nicholsville,FL,USA,38443
322,Walker Inc,758 Nelson Walks Apt. 006,Mirandabury,FM,USA,25403
323,Reynolds-Wilson,09630 Steele Points,New Vincent,VT,USA,40386
324,"Coleman, Wright and Long",0253 Kelly Neck Apt. 791,Scottchester,VI,USA,85989
325,"Smith, Floyd and Novak",836 Emily Run Apt. 969,Williamstown,NY,USA,04618
326,Weaver-Hall,01004 Stacy Ridge,Cynthiastad,GA,USA,78336
327,Phillips-Cox,184 Gonzalez Locks,New Roy,ME,USA,83735
328,"Li, Perry and Soto",301 Johnson Trail Suite 185,Lake Jessicamouth,ND,USA,24159
329,Huff-Escobar,495 White Viaduct Suite 113,New Amyshire,SC,USA,02417
330,Morales-Lynch,489 Romero Row Apt. 885,New Christinamouth,AS,USA,81054
331,Garcia-Becker,64050 Adam Falls Suite 722,New Jane,RI,USA,51729
332,Strickland-Hood,5478 Debra Circles Suite 091,East Ambermouth,PW,USA,14233
333,Torres-Mclean,513 Michael Corner,Port Shaunport,PA,USA,33229
334,Pham LLC,307 Robinson Camp Apt. 597,Jeffreymouth,GA,USA,22625
335,"Hill, Mcguire and Wilson",3776 Gutierrez Villages Suite 920,East Kenneth,TX,USA,87526
336,"Maldonado, Werner and Taylor",3016 Lisa Green Apt. 949,New Carrieville,UT,USA,01708
337,Barr-Williams,97138 Veronica Expressway,Port Danielletown,VT,USA,97576
338,"Lewis, Scott and Payne",6956 Mary Canyon Apt. 487,East Bryan,NM,USA,32684
339,Miller Group,395 Christopher Viaduct Suite 484,Ericstad,DE,USA,27858
340,Carlson-Melton,264 Melinda Drive,South Christopherport,NV,USA,57075
341,Abbott-Powell,469 York Ramp Suite 564,Luisburgh,LA,USA,62323
342,"Miller, White and Martinez",654 Carter Stream Apt. 173,Kaitlinmouth,CO,USA,34368
343,"Smith, Hendrix and Williamson",46777 Nicole Harbor Apt. 939,South Kenneth,FL,USA,20706
344,"Black, Gonzalez and Holland",285 Richard River Apt. 638,Lopezstad,ND,USA,21415
345,James-Randolph,35652 Michael Spurs,Lake Thomashaven,OR,USA,77125
346,Ruiz-Chandler,2588 Moore Via,West Matthew,CA,USA,12467
347,"Wilson, Ellis and Rose",168 Robert Falls,New Maria,ND,USA,38001
348,Vargas Group,1240 Austin Locks Apt. 861,Port Georgemouth,KS,USA,51287
349,Sanchez PLC,49343 Manning Pass,North Davidborough,MD,USA,84955
350,Khan-Murphy,53410 Fitzgerald Gardens Suite 414,New Elizabeth,MT,USA,18801
351,Davidson Ltd,151 Burke Locks Apt. 714,Justinport,MT,USA,62097
352,Crosby-Bowman,16333 Smith Passage Suite 731,South Deannaside,NE,USA,80035
353,Summers-Nunez,454 Melton Extension,Herbertland,MI,USA,23782
354,Zavala Ltd,3374 Johnson Ridges Suite 472,Port Jennifer,NV,USA,75786
355,Ross-Schwartz,371 Chambers Drive Suite 555,Garzaland,NV,USA,62209
356,"Wyatt, Hayes and Larsen",80080 Roger Terrace,Crawfordstad,WY,USA,62760
357,Nelson-Sanchez,179 James Place Apt. 855,Collinston,CA,USA,07816
358,Peterson-Curtis,32148 Katherine Parks Apt. 871,Lake Michael,HI,USA,49403
359,Nelson Ltd,65927 Rachel Hills Suite 670,New Jordanchester,WA,USA,62907
360,Guerrero-Smith,274 Brittany Glens Suite 673,New Matthewstad,UT,USA,04816
361,Hall-Bentley,45647 Hannah Green Suite 459,Jenniferside,GU,USA,06901
362,Miller-Nelson,3869 Matthew Curve,North Bradleytown,DE,USA,64768
363,Wagner and Sons,2462 Carlos Manor,Jasontown,HI,USA,54182
364,Perez-Pierce,95015 Jennifer Crossing Suite 854,Lake Kaylafort,IA,USA,91508
365,"Eaton, Reynolds and Ruiz",30500 Brown Inlet,West Erin,AL,USA,18074
366,Riggs Ltd,4687 Rojas Junction Suite 442,North Stanley,AZ,USA,77336
367,Scott and Sons,6215 Mora Tunnel Apt. 291,Jerryside,KS,USA,17827
368,Smith Inc,585 Barajas Parkway Apt. 845,East Tonya,MD,USA,67894
369,Lambert-Jones,098 Richard Valley,Gonzalezberg,MH,USA,53545
370,Foley Group,3108 Robbins Overpass Apt. 056,Coryshire,MI,USA,93114
371,Chavez-Morton,71495 Sanchez Route Suite 687,Lake Dawn,SC,USA,44250
372,Jones-Johnston,5615 Gary Extensions Apt. 731,Williamsfurt,WY,USA,95213
373,Shaffer-Kelly,9467 Brandon Hills Apt. 475,Valerietown,OH,USA,98549
374,Mitchell-Martinez,0738 Rebecca Land,Davidtown,DE,USA,78831
375,Martin LLC,50923 Brown Haven,Henryview,DE,USA,31856
376,Ruiz and Sons,933 Ruiz Bypass,Ibarrastad,NM,USA,75393
377,Nguyen Group,3216 Hutchinson Walk,Alexisside,MT,USA,74658
378,"Benton, Adams and Mitchell",9487 Selena Junction Suite 606,South Jeromemouth,DE,USA,76180
379,Moreno-Baker,18262 Corey Locks Suite 937,Tammyborough,FM,USA,11139
380,"Ramirez, Watts and Wells",99107 Jeffrey Forest,Philipside,NC,USA,17991
381,"Hill, Douglas and Nguyen",3121 Amy Square,Penaside,FM,USA,44287
382,"Nelson, Nguyen and Lowery",285 Holly Plaza,Smithberg,VI,USA,52561
383,Rogers Inc,59938 Johnson Orchard Suite 599,South Kaylastad,OR,USA,30614
384,Armstrong and Sons,3941 Gordon Street,New Brittanyton,MD,USA,09543
385,Crosby-Gonzalez,2877 Chris View Suite 961,Lake Karenborough,WI,USA,12976
386,Anderson LLC,98379 Beverly Mountain Suite 210,Lake Jeanne,WI,USA,46990
387,"Robbins, Salazar and Holloway",5387 Smith Stream,East Kathryn,CT,USA,82535
388,Washington Group,9812 Bennett Crossroad,East Jasmine,MH,USA,22450
389,Cross-Palmer,562 Owens Lake,Gallegosville,FL,USA,60518
390,Johnson-Mitchell,56681 Rodriguez Village,Paulville,NE,USA,24460
391,"Maldonado, Moreno and Houston",8550 Ryan Inlet Suite 879,Port Charlesfort,WY,USA,95449
392,Davis Group,831 Jacqueline Gateway,Port Austinshire,IA,USA,88695
393,"Perry, Munoz and Morris",66838 Brandon Valley Suite 651,New Regina,NC,USA,16140
394,Kane Ltd,325 Benjamin Station,South Kevinstad,IN,USA,06140
395,Dean-Bowen,069 Cox Dam Apt. 533,New Michaelton,CT,USA,27348
396,Figueroa-Brown,9952 Hardy Overpass Suite 548,Vincentchester,AK,USA,60280
397,Li PLC,418 Patrick Ramp Suite 360,Leonardfort,OR,USA,12059
398,Reynolds PLC,8081 Reynolds Lock Suite 239,South Natalie,PW,USA,38030
399,"Lewis, Patterson and Soto",686 Woods Walks Suite 467,Guzmanton,NY,USA,88292
400,Browning-Anderson,9314 Robert Fork Suite 225,Mcconnellfurt,MO,USA,88190
401,"Campbell, Greene and Lewis",35812 White Field,Kyleside,KY,USA,29365
402,Johnson-Hayes,20143 Deborah Summit Suite 293,New Todd,OK,USA,68355
403,"Smith, Bell and Rollins",23641 Ferguson Center,Christopherport,MS,USA,62225
404,"Prince, Williams and Snow",3636 Alyssa Walk,Melissashire,NE,USA,33320
405,Jordan-Hall,459 Mcdonald Pass,South Scott,FM,USA,03152
406,Valdez-Johnston,805 Dawn Trace Apt. 329,East Denise,UT,USA,44778
407,"Galvan, Dixon and Miller",966 Cook Causeway,Bauerfort,PA,USA,34456
408,Jackson-Nguyen,02933 James Rapid,Lake Jordan,DC,USA,95277
409,"Smith, Jarvis and Mclaughlin",260 Alexander Vista Apt. 955,Nicholaston,FM,USA,87053
410,"Murillo, Johnson and Jones",984 Micheal Ridges,Melissaburgh,SD,USA,97656
411,Ramirez-Wang,9952 Moore Keys Suite 908,East Loganbury,FL,USA,51103
412,"Stewart, Hansen and Wood",329 Lane Ranch,East Victor,AZ,USA,82092
413,Lane-Murphy,763 Taylor Course Suite 733,South Lynnside,NM,USA,25279
414,Bailey LLC,5135 Nguyen Mission,North Stephanie,PA,USA,84842
415,Carpenter-Rios,1016 Kelly Coves Suite 712,East Lisaview,MO,USA,54013
416,"Jackson, Mejia and Taylor",527 Nunez Brooks,Moorechester,WY,USA,14208
417,"Ellis, Johnson and Allen",36624 Melissa Overpass,East Alison,ID,USA,92354
418,"Wood, Olson and Roberts",6769 Fowler Rest Suite 207,West Victoriaberg,NC,USA,59991
419,Rosales-Carpenter,028 Dustin Unions Apt. 507,Murphyside,PR,USA,12665
420,Harmon-Osborne,00881 Freeman Rapids Apt. 735,South Tinaburgh,CA,USA,90688
421,Butler Inc,674 Callahan Plain,West Patrick,KY,USA,83269
422,Garcia-Lee,81879 Amber Summit,West Lori,WY,USA,58709
423,Garrett PLC,3531 Jasmine Trace Suite 232,Lake Danielville,LA,USA,19809
424,Moses PLC,39097 Susan Hill,Duartestad,CO,USA,71265
425,Woods-Simpson,270 Bean Turnpike Apt. 890,South Elaine,NJ,USA,14257
426,Young-Campbell,671 Jacob Path Apt. 339,Port Kellyburgh,MS,USA,66896
427,Chan Ltd,305 Harrison View Apt. 948,Lake Charlesville,IA,USA,76333
428,Lang Ltd,7111 Pace Spring,Alvaradoport,IL,USA,86852
429,"Parsons, Cowan and Miller",537 Darrell Square Suite 621,Ryanville,RI,USA,95147
430,Chandler Inc,89942 Galvan Circle,South Annetteside,NC,USA,68956
431,"Leonard, Gonzalez and Ramos",8041 Todd Springs Apt. 518,New Brookestad,PW,USA,88249
432,Robinson Group,722 Kathryn Vista Apt. 999,Nobleville,NJ,USA,49615
433,Ellison-Wilson,45866 Michael Shores,Juliahaven,KY,USA,18202
434,Mendoza and Sons,813 House Freeway,Underwoodstad,UT,USA,27142
435,Gill-Carrillo,08990 Pacheco Extension Apt. 266,Barbaraland,PW,USA,62911
436,Hull-Estrada,17804 Duran Hill Suite 547,New Raven,AS,USA,00994
437,"Robinson, Riley and Johnson",9130 Hodge Corner Apt. 445,Lake Kennethmouth,AL,USA,91297
438,Mcbride and Sons,4976 Garcia Vista,Castillomouth,DC,USA,72302
439,"Riley, Wright and Le",901 Jackson Extensions,Port Henry,SD,USA,93097
440,Koch LLC,56470 Monica Villages Apt. 084,Lake Kylieshire,AK,USA,91021
441,Pollard-Fisher,55080 Albert Summit,Ashleystad,FL,USA,25189
442,Ramsey-Cline,6110 Robert Mountains,East Danielfort,HI,USA,78165
443,Davenport Ltd,1164 Day Fort,South Elijahport,NE,USA,56074
444,Bennett PLC,342 Chen Corner Apt. 143,Claudiahaven,PR,USA,38761
445,"Zimmerman, Johnson and Osborne",595 Fisher Forge,South Robert,GA,USA,09562
446,"Beck, Vang and Carson",87793 Williams Ports,South Patricia,KS,USA,22551
447,Morgan-Gutierrez,0441 Kimberly Freeway,Solomonport,MH,USA,68816
448,Prince-Thomas,26026 Anthony Knoll Suite 854,East Michael,TN,USA,93146
449,Scott-Richmond,1508 Maureen Courts Suite 127,South Mandy,FM,USA,70254
450,Adams LLC,64678 Fernandez Mill,Brooksshire,TX,USA,86833
451,Roman Group,86247 Williams Skyway Suite 328,Port Neilmouth,FL,USA,38819
452,Reed Group,977 Miller Isle,Beverlyburgh,PR,USA,82194
453,Holland-Edwards,0132 Larry Brooks,Drakeshire,SD,USA,94931
454,"Gray, Francis and Henry",756 David Crest,Nicolehaven,UT,USA,47103
455,Dunn and Sons,6726 William Shoal,Port Ashleyview,AK,USA,17976
456,Reid LLC,506 Spence Valleys Suite 534,South Mirandaborough,WA,USA,50804
457,"Beard, Levine and Welch",9515 Nancy Passage Suite 449,Cobbhaven,AR,USA,40971
458,Burns-Harris,7049 Sutton Cove Apt. 072,East Denisechester,UT,USA,09864
459,Ramos Group,31822 Joshua Camp,Johnsonchester,VA,USA,14595
460,Schwartz-Graves,520 Brown Crossroad,Beckchester,PW,USA,69975
461,"Jordan, Perez and Stephens",215 Hernandez Glens,South Connor,KS,USA,12645
462,"Gray, Clark and Garner",7887 Kari Circles,North Brianstad,MD,USA,39209
463,Gutierrez Inc,8764 Glover Trace,Port Dawnfort,TX,USA,61286
464,Rios LLC,288 Kevin Light,Rosariofurt,MH,USA,07652
465,Stephenson LLC,03959 Salas Crescent,North Hollyborough,MH,USA,73824
466,Smith Group,230 Natalie Cape Apt. 257,South Micheletown,CA,USA,89938
467,Hernandez Inc,053 Tyler Freeway,North Nicholas,WI,USA,73960
468,"French, Michael and Chaney",227 Jody Forge,Mackland,NH,USA,58995
469,Bentley Inc,9359 Murphy Village Apt. 403,North Kimberly,TN,USA,75164
470,"Ramirez, Harris and Myers",3025 Jones Orchard,New Michael,ND,USA,23124
471,Allison PLC,34198 Duncan Fall Apt. 030,Fordstad,VA,USA,44357
472,"Anderson, Walker and Mclaughlin",872 Solomon Landing,New Ashley,CO,USA,15904
473,Pham-Wade,42508 Farmer Terrace Apt. 008,Port John,MA,USA,32784
474,Johnson Inc,19606 Sabrina Isle,Lake Jamesfort,NH,USA,41554
475,"Bailey, Miller and Padilla",5866 Ballard Route,New Anthony,OK,USA,14059
476,"Medina, Adkins and Flores",342 Stephen Viaduct Apt. 569,East Stephaniemouth,NH,USA,32115
477,Lawrence Group,34893 Smith Station Apt. 627,New Steven,NJ,USA,41386
478,"Rivas, Hodge and Graham",54612 Perez Lake Apt. 118,Mckenzieland,AK,USA,28230
479,Heath and Sons,55383 Moore Fork,Lake Branditown,NY,USA,36391
480,"Bonilla, Calderon and Lawson",7652 Heather Ford,Johnsonville,UT,USA,04665
481,Simpson-Smith,879 Gabriel Centers,Adammouth,VT,USA,56910
482,Figueroa-Stafford,3813 Jennifer Union Apt. 320,North Damonville,ME,USA,07004
483,Hopkins and Sons,8428 Robert Unions Suite 931,South Sarahtown,NY,USA,34362
484,Ryan Ltd,25518 William Islands Apt. 313,Gonzalezville,LA,USA,41645
485,"Woods, Jackson and Hogan",251 Lisa Locks,Randallport,PR,USA,30310
486,"Burton, Smith and Wilson",13316 Adam Island,Port Debbie,NM,USA,23854
487,Marshall-Ruiz,5151 Walker Street Apt. 465,Lake Cindyfort,MA,USA,57588
488,Nielsen Inc,16440 Howard Ports,Port Judy,MP,USA,77641
489,Brewer-Richmond,90667 Young Fork,New Michael,MH,USA,44693
490,Massey-Sullivan,319 Natalie Roads,North Justinview,UT,USA,34906
491,Nicholson-Allen,8185 Robert Estate Suite 974,Port Thomastown,IA,USA,49759
492,Spencer Inc,1514 Jesus Parkway,South Melindaberg,ME,USA,55666
493,Neal Group,6940 Evans Crest,Lake Cassandra,PA,USA,60385
494,Delgado-Morton,15832 Wright Circle Apt. 550,Grossfort,VA,USA,88274
495,Ferguson and Sons,85959 Elizabeth Ports,Rodriguezfurt,MN,USA,76925
496,"Young, Jones and Garcia",82121 Timothy Wall Apt. 367,Williamborough,CT,USA,86680
497,Weaver-Rodriguez,08582 Boyd Loop Apt. 114,North Christophermouth,MA,USA,75048
498,"Clay, Douglas and Wilson",815 Bailey Field,Port Jerry,VA,USA,33198
499,Mcdaniel and Sons,375 Brenda Extension Apt. 377,Jamesshire,GU,USA,74221
500,Bailey-Jackson,8457 Boyle Forest,East Jennifer,DE,USA,68305
