m_part,c_part,qty_req
9726,481,18
5360,3587,20
377,5419,7
4564,4991,20
5643,4858,16
5638,5655,20
3652,9030,10
1096,9665,6
5529,6603,4
4852,6375,11
971,2253,7
1951,7872,9
9633,4829,8
5791,3953,15
2155,7913,8
2188,749,3
5975,4140,14
5360,8054,10
5153,3863,6
5079,644,5
8725,3884,17
556,2624,6
6478,4914,16
1358,3647,20
3670,4760,15
6140,1575,8
414,547,2
1564,8981,3
1882,7837,2
8872,7399,10
7548,7593,14
5108,7654,19
1028,6424,18
9771,2508,15
4966,451,15
3406,1834,1
6283,8039,13
8618,9457,15
7421,1610,2
2290,5400,10
7865,4279,14
7395,8733,5
9186,4533,6
1160,7821,20
2862,337,9
8561,8076,8
7700,7725,16
5282,3559,4
4943,4843,16
3876,8971,5
9831,5543,17
3129,6682,13
7123,5562,20
3618,9781,10
4314,5246,15
9269,2445,20
7027,7647,13
7512,1908,17
1746,8298,11
8736,7774,12
6789,2207,2
8707,9277,6
5633,6619,13
9437,8139,20
2908,1998,15
7128,5540,12
8067,203,5
3185,7405,18
9515,8784,19
6237,7101,12
2649,4876,16
3518,676,11
1127,9880,13
637,9235,20
5752,9529,12
8495,1124,7
7503,6512,16
9121,9460,1
4173,3875,6
582,5341,12
3606,4185,8
7873,6697,20
2740,5467,5
8484,2841,16
971,5213,11
2256,3563,2
1545,6213,9
4744,8926,11
2788,760,9
8126,1631,8
6941,3414,13
7921,5569,1
7831,4058,6
7090,6502,2
9562,9987,8
1508,2772,19
70,5494,16
2206,8685,13
1682,1111,4
4367,1823,17
5630,8040,3
1309,746,10
4861,6049,20
102,1026,16
9152,5417,14
8982,6034,12
7011,7703,15
9842,4590,12
6567,7097,10
7252,150,11
6587,4073,17
4708,5290,6
7449,2568,8
2036,801,15
5705,2538,11
9980,7631,11
4196,8678,11
7481,2969,14
7252,2185,10
3471,9488,3
5474,6162,9
3472,2371,9
6146,8870,2
4266,4712,6
7297,846,5
5881,4591,12
388,4737,4
5240,4654,10
3239,3758,5
9470,3289,2
6139,8,18
8765,3884,20
6904,5358,4
1844,6684,16
5872,4104,7
6432,4842,10
7188,4156,17
8975,5863,7
54,7110,11
8725,5048,16
7430,5238,15
980,6239,6
4906,4445,12
512,7935,7
6315,422,6
3248,863,3
7043,1533,6
3997,8516,5
7204,6185,16
3030,1769,7
6153,5844,11
7651,2765,17
1985,9708,10
4767,2612,13
2900,7281,6
3207,1340,17
4726,4876,15
321,4950,12
376,8511,20
5995,1269,13
3105,1390,9
751,4696,7
6448,4145,4
1868,8578,7
3045,3675,14
2981,5300,13
9003,343,3
7851,5557,11
8902,289,11
3820,8773,3
4873,9577,2
2980,3228,7
5305,6473,14
2240,5858,16
4240,5935,2
2837,1706,12
6282,6683,3
7691,6098,16
1759,3761,11
343,4619,15
6326,7073,6
4454,1483,4
1952,372,20
9571,6916,15
3742,5933,1
4840,8261,1
8846,8618,12
5547,6449,18
8480,8032,11
3316,6556,8
6375,3551,9
7823,7454,8
6187,8739,1
9869,2292,19
4605,6073,15
7535,6098,17
3830,3178,11
2776,6337,5
1508,5776,6
7047,7782,7
6735,6853,18
3466,8369,1
8399,8025,17
4417,8183,14
7969,2862,12
7337,7610,4
7816,9214,3
476,6339,1
8687,4534,18
3243,6831,8
3428,4597,1
4514,3423,15
2172,8921,14
9485,3276,3
2513,6022,16
2481,7597,16
5856,2913,12
2644,1592,11
1428,291,2
4135,6091,5
6223,1116,18
2369,1880,10
5255,7893,19
691,1143,19
3430,6632,2
8281,5473,18
3614,7770,18
4035,8236,13
7513,3647,13
3481,6505,11
3739,305,15
8564,8529,4
6261,8999,1
4724,9907,9
758,6438,14
1937,7417,20
6740,135,6
5006,1295,16
3340,1888,20
7260,723,19
578,4420,16
7965,9598,13
4956,1894,18
8595,4573,9
1762,1055,4
2117,9828,17
8297,3435,1
7406,7199,12
5665,710,2
978,2025,13
3442,5869,14
7364,6075,15
8696,1007,19
3339,942,20
2362,2983,2
4793,9050,1
1941,3930,3
3633,3720,17
4973,1858,1
1773,6279,16
578,7454,2
6767,4432,17
1676,403,10
5488,3165,15
4429,9912,3
3616,2871,3
6893,1233,16
3654,6843,7
1449,2710,11
5893,3817,12
1020,8905,5
2079,725,3
2158,7745,11
418,3067,3
2881,7520,20
5915,2937,5
9232,4821,11
198,8199,20
9705,6250,8
4186,9600,20
3629,2619,10
7171,578,20
7953,4798,16
1566,5846,16
2687,3924,6
1068,698,18
442,3689,1
3328,3773,19
4905,5602,4
9152,6583,2
3859,5266,18
6372,8557,13
4534,2135,3
3337,8736,17
3629,5903,3
7913,397,2
3201,3454,17
4849,2167,8
9988,8449,14
796,3510,14
6730,752,10
1929,7007,17
6932,2009,16
2507,4810,10
5035,4557,7
9793,5823,15
5080,5892,7
9467,9677,10
6302,3321,6
1601,58,6
3402,8241,17
143,8062,17
2558,1615,5
6724,5902,4
4302,7378,10
9146,6596,15
7516,4115,19
81,8731,13
9289,3452,5
4653,8177,14
9350,7997,4
2231,9566,7
4960,6126,10
2298,9673,18
5325,6763,13
8726,68,15
1632,5201,12
2865,8155,13
1439,8429,19
9045,4263,3
1257,5961,17
9495,7182,7
5475,2778,4
2451,2383,12
1706,7776,2
216,8786,16
4566,1467,15
5990,3716,4
7110,6544,4
6629,3606,6
6638,7848,7
6866,4091,17
7285,2541,7
8400,6109,20
9232,3657,18
433,7101,4
6937,1183,5
7732,994,17
5534,957,3
7218,3667,14
8697,6402,16
8417,2251,8
1995,1843,1
9085,4346,15
231,1698,8
7300,1680,14
3573,8884,14
8462,6223,16
899,2496,12
6400,6937,10
9097,499,7
8456,5914,20
7808,5453,14
1623,5373,5
9144,9126,2
4198,9686,13
3585,5106,11
8353,9173,19
6307,457,8
1033,8314,11
5054,8950,10
8921,1257,6
1292,5407,13
4593,3691,12
2583,3516,12
4950,9632,12
4143,4146,11
9634,3814,5
6319,2688,20
4343,4043,10
5307,3574,3
1922,6523,16
7196,7872,2
6288,8379,13
9922,3844,7
4849,3563,16
5670,1913,19
5865,8362,9
958,5592,10
6767,2180,16
931,4505,2
1042,1660,15
804,8378,6
1033,8611,18
8018,8268,7
3389,6714,8
6045,9724,11
9128,6496,5
523,3324,20
9369,5817,8
4983,6162,14
6509,3709,10
9146,7940,15
8875,5400,7
2748,2732,2
5286,4403,4
3402,6408,17
3841,4461,11
9876,3477,20
4597,6708,7
4844,7139,8
2119,5166,17
3735,8989,20
3236,1856,11
9556,4898,6
5036,1833,1
5605,6162,3
3193,4944,9
2950,3860,1
7790,7176,18
3414,2020,3
34,113,11
884,981,1
5959,4860,5
3290,9829,7
4727,1695,15
1215,5490,10
453,2875,9
8495,597,14
4624,3190,13
4108,6663,17
2499,5453,6
8326,5997,8
1387,3888,4
9962,9161,1
8564,6672,11
3016,7646,1
7186,9719,6
2324,8810,8
9380,3127,12
1980,4747,11
9651,743,12
6430,9578,12
5936,8200,15
3997,5078,5
302,1444,6
9293,5586,7
6002,1365,2
4595,4802,5
2904,5710,1
912,7532,15
5080,6784,2
3304,3427,20
3849,1216,1
9089,8728,18
7362,2291,13
1414,2419,18
6980,8951,8
4638,8217,1
6740,8965,9
219,891,20
5506,4258,17
1187,1026,2
3060,8185,19
8842,6568,13
746,8072,3
3245,3167,4
5757,3782,12
8955,4054,20
3045,3588,8
1556,2785,16
3657,9141,1
3560,802,19
3722,4835,18
8993,325,12
8703,5700,3
8465,7142,19
2906,3384,19
2889,2483,7
4870,5493,10
9673,1646,12
9181,13,8
3618,5686,11
3939,3485,1
72,5847,15
7406,749,5
9542,27,14
5175,5629,1
4302,7956,9
9314,4760,10
7771,9978,12
7005,1458,20
6430,7819,4
4496,4854,2
4010,2304,17
9291,2835,4
164,775,15
1276,5401,18
6925,7993,6
963,6916,17
881,9531,19
7516,5030,12
3744,4118,2
833,7047,9
3187,5391,18
3488,557,3
7830,4576,12
9476,746,17
6743,7941,10
4251,7844,2
8545,3113,11
3868,382,1
5071,4048,9
9806,1058,18
3148,9906,18
6555,5702,10
1672,3615,19
1713,254,6
5754,4115,3
8132,3337,13
8787,793,11
824,2164,18
4460,698,20
6740,5512,19
9215,9487,15
8245,9840,1
213,9010,13
2705,3583,10
3836,7640,8
6292,9688,15
1868,8900,18
8217,2005,5
7762,9057,2
9786,8951,9
4321,1091,15
7870,4385,19
5716,8907,18
8609,4221,5
5541,8664,6
7750,4256,7
3206,5399,7
5098,7929,19
2445,269,7
6918,7480,5
6734,3191,18
2396,6768,3
3938,9207,10
9212,6286,4
125,9448,12
2176,4249,11
5011,6037,2
8598,8097,6
2119,5459,8
9059,8307,10
436,6281,3
372,7247,12
4574,7878,13
1111,3860,19
8373,3632,11
5404,6412,8
4817,4749,1
6368,5362,11
7501,3011,5
4003,8938,3
7580,2517,2
4915,8830,1
9172,4308,13
8807,6532,19
1800,5041,19
2619,9985,20
7561,5197,20
3055,7848,4
7243,1784,17
9485,4480,18
8117,6693,19
7731,9091,6
168,8644,11
8246,2486,3
511,778,11
5417,4235,20
5775,7887,12
7171,6652,11
309,9392,1
6685,5338,19
9302,2288,13
468,9548,20
8268,9284,11
7817,7204,4
6671,6895,7
5362,4621,15
4873,498,12
6325,1828,20
2081,427,7
6144,712,12
3410,1078,11
9408,4873,14
9347,73,11
5934,6985,2
9719,2266,15
4478,94,9
7515,7801,3
6294,5256,15
9334,9783,7
3227,7632,2
4974,5619,13
9706,4360,12
8461,9698,11
5728,643,13
5054,7831,13
6504,1080,16
5298,8232,14
8085,4626,16
5271,7542,5
4810,5849,9
9741,5903,7
950,772,9
560,2191,1
6099,8873,10
2341,8584,16
9091,5905,19
1576,7592,5
9588,9485,14
9108,2913,5
259,3371,5
896,1122,20
7567,745,19
6420,1246,16
2484,3627,14
7199,2908,11
4099,1670,17
5458,1132,20
7106,4778,8
726,9824,9
2977,8185,17
4567,5533,11
8630,3091,9
3235,2683,2
2346,8699,16
1957,179,3
9126,8631,18
9728,828,12
2345,7253,14
2603,8537,4
2691,4938,4
7142,6543,3
3055,83,11
6663,9734,12
24,4595,17
1966,4265,1
930,1079,16
9867,3388,11
98,4932,9
5567,4332,17
3010,456,6
730,8245,11
2550,9902,19
7580,7807,4
9419,3917,13
1106,5611,14
5361,7512,19
6465,3971,16
7758,102,8
4521,1014,16
7584,8669,7
4588,7793,18
3189,107,6
6430,4327,15
1634,3988,4
7729,6609,14
2226,1247,3
7631,2497,16
2282,6798,8
5286,3524,16
7528,8694,13
2465,4143,18
9313,780,1
3660,4770,11
5618,208,9
2880,3231,5
6550,6017,10
2538,4919,5
3546,3407,17
636,3085,8
5391,3740,7
668,7380,12
4757,9088,14
7206,5756,7
2830,5086,16
8959,1393,13
7816,4088,15
7385,3886,12
1977,6645,9
8566,1460,16
5584,2225,15
5951,379,8
285,7303,11
7107,4696,2
7323,7168,16
2526,6899,18
9759,514,8
3677,5271,6
798,8639,20
6705,6317,7
4820,1320,8
2988,3714,19
9614,219,3
8934,7699,2
4453,5132,18
4526,804,18
437,4595,8
3898,8318,9
6468,7325,8
7856,3385,6
6708,7292,18
1252,7761,20
4221,2567,4
5155,3934,10
2617,9165,3
7501,6785,8
3763,9463,17
9441,704,12
9662,9583,6
1131,386,3
7861,692,15
5990,4229,11
6748,5357,1
5841,7663,7
8010,9907,10
3699,3682,18
2213,67,13
8499,2898,10
5541,3440,2
7431,5038,2
3652,7085,13
2238,9477,16
2652,4838,1
9936,9594,15
3051,5383,13
6181,8743,12
5977,3621,5
9549,4122,15
4490,6125,4
6883,456,2
1494,2729,11
9501,3827,20
9085,8728,6
6730,8838,20
3862,8367,17
9470,870,18
7358,1132,9
9300,5100,4
8681,2985,5
8247,5790,6
4362,7994,4
800,6640,16
5313,8539,7
5297,1086,3
6520,2504,6
3972,3413,5
3974,6254,13
8365,5403,18
7391,3011,19
4726,4296,2
8055,8621,20
9431,8276,8
88,4481,14
2909,4961,16
4508,7309,6
9836,3425,17
3754,1195,12
3610,3476,3
7417,7938,4
6666,8762,18
4266,4919,10
5733,4265,13
2031,4976,10
8289,9552,4
3482,7301,6
8655,9445,11
3727,8447,2
9934,9965,2
9451,3999,7
9313,5315,4
6067,1274,19
1926,407,1
7016,9671,13
4044,3168,18
9354,7321,4
4761,5298,12
5336,2941,5
9084,8486,2
8133,26,6
5159,7944,5
8864,8341,19
5316,9494,3
6186,2797,2
3129,4189,15
9193,7014,7
3230,3366,8
5994,2381,4
3661,9367,6
9405,4249,8
2387,9064,13
3901,5667,5
9503,6864,16
5724,5809,5
7736,4975,16
9689,4890,16
632,2252,20
9237,248,8
1844,1644,7
4586,3647,5
530,1495,12
693,9686,19
8000,3682,1
6480,5466,10
891,3680,5
81,9777,20
6644,6609,13
7356,101,12
5491,6528,12
8268,8172,6
764,7556,6
5716,912,8
5282,1356,20
8400,7247,15
7871,9389,20
9143,4817,20
7982,259,18
8918,7192,11
5802,6570,11
9049,1656,18
775,1957,4
854,5161,4
7825,36,14
8229,3510,10
34,2231,11
2838,4584,17
9796,7364,16
7887,8029,4
157,361,17
4612,8038,11
7851,2776,2
3037,3760,16
1027,3389,12
7411,5132,16
2468,9932,18
3746,4454,13
9705,2157,1
8120,8723,10
1106,5149,6
3559,6348,4
7961,4394,15
6580,2380,11
1460,2578,13
1439,1719,7
287,6694,20
5371,5526,12
3364,5312,7
9957,2918,15
9752,5194,15
3673,5659,3
9984,7983,5
6728,8092,14
1259,7385,9
2142,8505,9
7667,5284,13
4865,2395,13
5339,8457,9
3709,9360,20
7840,9218,8
3088,7145,14
6212,5301,16
9816,4372,5
738,5283,10
1051,5068,17
8055,4775,2
1695,5461,2
5923,7321,13
3579,6498,8
1379,688,19
2749,7873,4
6489,7424,4
7673,5011,12
1255,5178,20
5476,7906,2
8325,3874,8
1439,3900,8
799,5223,2
680,1420,8
9177,7362,19
9854,7087,6
6955,8964,19
1259,2702,16
1394,2062,9
4401,9832,3
5411,9001,8
1787,8625,8
8863,4196,18
8236,1556,4
6482,4253,17
3406,761,10
2526,42,9
9176,4775,10
7530,2094,10
8136,7359,10
111,4647,11
5006,5064,13
4490,4290,20
2188,1954,14
8978,2865,3
1970,1945,3
2416,9479,9
9446,9342,8
3574,793,14
7561,1198,3
216,9239,10
5220,4426,11
8145,3862,5
2256,3709,16
1501,9596,9
7474,9925,18
3602,1214,9
8256,2478,6
7485,1538,8
3579,6168,9
6497,7378,10
4270,6540,8
2361,5208,6
2643,8874,14
1172,6911,9
9982,6175,16
1489,2227,20
6935,4134,4
796,7942,17
5410,7391,2
3347,7317,6
8485,3630,10
7413,8420,1
7762,1563,14
1483,9022,15
7070,7266,16
9741,7433,16
4590,3044,14
1439,1947,10
2389,259,10
6044,7293,8
3457,8283,8
1518,4953,9
2024,4774,2
3336,132,19
1647,2494,6
4247,950,2
7755,370,18
2904,9834,5
9138,7400,12
6074,8542,13
227,9249,2
8038,4621,5
1568,9576,17
2446,6693,6
1926,1503,9
4451,8662,18
9631,3817,2
4589,7018,3
7542,2862,20
9398,4386,15
927,5590,15
3575,8239,12
6580,9373,4
6171,472,15
1661,8037,14
8763,9790,17
9097,9178,15
5971,6047,4
3183,7534,2
2397,7984,5
8566,9540,4
7928,3672,5
1443,2604,20
1505,6272,20
5070,7838,8
3651,6124,8
7282,548,19
5915,6031,16
3188,5763,14
6480,5793,19
8307,9219,18
989,668,15
3418,8031,1
2557,7788,12
48,8692,1
7928,9694,9
8007,890,18
1233,9179,8
5271,7653,13
7530,4706,5
7958,1949,3
6740,9782,13
3328,9872,15
3771,8628,5
1728,7545,6
875,1555,9
3887,4808,9
4408,2738,8
7450,7114,7
4488,8600,12
7983,8537,16
5547,1316,8
6280,8616,16
9177,6813,7
2749,1165,11
1354,5150,2
2322,6208,18
3242,3872,14
1924,5183,4
3412,1791,5
8736,2256,4
9341,516,15
5413,3155,2
8377,412,13
9999,380,16
2416,8957,10
2256,1623,14
8961,6270,8
5770,7612,2
9481,9587,14
2264,8206,7
3998,1010,19
2448,3069,9
3077,8731,18
8612,7955,7
6025,3285,1
6090,9472,16
6806,399,2
1232,237,17
8331,2558,18
6082,9557,17
4960,3321,17
6010,5792,5
9130,959,9
2199,6419,13
5035,8292,11
5928,6392,19
3046,1404,17
1579,57,16
804,5032,7
6790,8752,20
5630,3317,13
88,4142,11
8300,2980,4
4725,6592,18
2371,2467,17
418,9962,10
7387,5221,13
6397,2550,1
8901,1781,14
61,9936,13
2998,748,10
7531,6254,6
5021,2473,16
596,5604,19
6721,5552,9
6093,473,8
607,2310,14
9152,8077,20
9923,7905,13
1188,2764,19
6506,5521,8
8597,462,20
4603,2542,8
5048,3538,17
2251,9884,17
6681,3596,1
8468,2869,4
5630,9393,14
7185,6281,14
7009,184,12
6076,7752,6
7752,9941,20
2892,3664,12
1263,8189,8
4343,1791,17
5786,6557,11
7283,7097,15
6908,7139,13
1244,1334,11
5960,5426,10
3010,9480,4
2811,1812,15
1144,2794,17
3188,1109,14
900,4760,10
6589,2421,15
7646,7363,14
5934,4871,10
8741,4310,15
3215,1372,15
283,9055,17
2881,9388,20
8837,470,14
1706,8763,19
4067,3622,12
1223,4295,12
4524,6901,14
3259,7888,10
9874,9411,3
4518,1552,10
5624,4778,1
3610,4460,6
5596,5842,10
4559,6628,17
4559,5516,14
4621,6578,9
4637,5716,16
8769,2716,4
2236,3647,20
8078,6097,13
9820,2369,14
5013,6114,16
2019,6682,3
2058,5379,19
1288,3603,10
8834,5097,7
5281,1968,12
6441,1912,19
6873,9642,18
5926,6201,16
2072,5462,19
8931,71,6
9661,6552,19
2117,2862,14
1530,7673,18
9586,4846,13
1825,9174,12
5878,8540,13
8135,4543,18
6931,1376,10
3109,8137,3
5960,521,12
7909,3829,18
9157,6747,9
4903,6026,14
8495,1941,18
1462,904,3
1298,3245,13
3027,5138,3
120,3597,6
2330,8481,7
2857,7136,10
1674,2494,14
5452,849,16
4732,9949,3
6676,2109,13
5146,7179,6
8689,2032,18
4322,8924,8
8597,7945,20
7349,3636,14
6375,6727,17
4389,4998,19
8158,8891,20
9086,4350,5
7755,4326,16
9868,6484,9
812,4406,11
3190,2020,19
775,9560,14
5704,4395,17
597,7161,11
3602,5758,3
706,7016,13
3897,6526,17
2705,956,9
1250,6351,17
2448,9965,2
7034,7971,5
8942,1975,3
3412,9217,1
2834,195,6
5572,9010,8
3004,7304,6
9073,4312,4
2070,8085,19
4871,7036,2
5539,3997,17
9822,9077,12
6710,5400,8
1011,9124,13
263,7629,8
7026,5079,12
7668,8281,4
8947,3797,14
7290,2662,20
8811,8939,8
1381,1038,7
8914,1603,3
8232,3795,7
1304,5052,2
749,5288,4
2552,8588,15
1682,4254,11
9680,8835,16
8374,9356,5
1384,7613,10
1528,7222,16
2450,8402,3
7610,867,14
6382,1379,15
8577,488,13
1340,8193,1
7381,7606,9
1311,2149,12
8725,5589,9
6888,1675,5
7303,7469,12
9822,3325,4
9857,4364,20
6340,4606,16
8676,8386,18
1320,8984,13
2463,4756,1
4042,2463,4
6936,3536,20
1983,7016,16
7617,7715,4
5725,3673,20
3001,3394,12
276,7952,15
5533,3881,2
9594,6168,8
8564,2100,11
8661,2042,14
7660,3039,1
120,7968,10
1552,250,5
957,7148,1
3768,950,8
6325,3858,5
987,3682,16
9484,1388,18
247,9905,4
5831,3477,3
8406,5710,19
9976,6735,17
7990,6516,18
1527,3778,20
6204,9751,1
3339,9484,13
726,9753,12
7863,9970,1
3140,4004,19
458,4481,20
9798,6882,4
7477,3297,13
5442,8485,11
709,9032,11
9532,7534,12
5071,922,19
8570,2478,19
372,1687,15
4932,8886,5
212,9675,18
2704,7891,13
652,8432,13
8399,3589,17
1607,814,17
742,2909,2
5764,4544,7
4956,1569,17
9499,282,4
8425,2844,18
9338,4915,9
5393,4511,15
870,4431,10
5746,1432,11
2751,1122,16
2372,4170,8
7642,4576,19
2733,7392,13
9237,8910,3
8165,196,6
2217,5462,12
3893,5004,3
3402,9248,11
8855,7180,12
9570,3642,5
2299,3562,12
4208,2743,17
6492,2828,15
5021,4479,15
8570,5124,7
4012,7985,5
3109,8224,14
979,1520,19
8393,9000,16
457,2244,4
6968,824,10
7071,146,18
9806,107,18
253,9534,16
1031,8390,10
2132,8676,12
1160,4409,6
4822,3498,17
6884,1507,18
1960,8143,15
8232,267,15
3775,7166,12
5536,6864,4
8594,7130,1
3130,7239,20
2215,6837,8
4873,2281,1
3008,9591,3
1730,9,11
7894,9105,12
3090,3128,16
3261,5002,9
2275,6755,10
5716,5875,10
1348,7170,16
2046,5121,9
1030,8913,6
320,6112,18
5325,9203,6
120,6681,10
6057,6098,20
3281,7646,8
6259,3250,6
2507,623,12
8777,3632,2
8144,598,14
5806,5348,6
1045,1348,7
8384,1514,20
3442,598,9
8444,1184,10
5526,4856,4
9796,8943,3
6520,5646,3
4492,1636,15
7230,4047,5
9387,3388,9
7062,4486,17
1750,9305,4
6221,5775,3
5104,38,6
3502,6227,15
7049,1055,3
9237,9494,18
4789,1705,8
1494,2808,19
7660,1567,13
1745,8869,20
5500,984,16
7974,8297,15
9584,8933,20
4293,9550,3
9378,4603,6
1050,6425,14
8413,8468,13
8438,6713,20
5089,5878,3
7310,5728,9
6477,7421,9
3778,3208,8
2498,3288,9
5283,2839,11
3898,9909,17
7342,4201,17
388,5104,19
1195,4153,20
510,1970,10
3309,8707,9
41,3650,15
5208,8486,9
9594,4336,18
3215,2442,12
7311,9317,4
8364,237,16
2555,5509,6
2625,8939,12
8042,7784,18
8367,1442,4
2290,5002,11
4250,3808,5
3518,2184,19
1426,5018,5
3125,6745,18
1364,973,2
2299,6634,6
7068,8388,6
9944,1800,18
8609,9714,10
2998,5187,8
216,8927,18
844,2558,20
1114,8548,18
6499,9735,10
6107,8603,9
7084,2643,13
95,7167,10
7152,946,13
1511,3450,11
8888,2877,4
4983,9319,10
8432,8514,16
7698,8649,19
8086,9278,3
3028,272,8
266,7269,8
2836,3823,3
9759,7103,1
6173,1345,11
510,1189,14
9464,7219,9
9703,9865,14
2541,1854,8
2348,1028,18
6608,6049,8
4452,2162,12
2811,4960,19
3511,5501,13
726,258,20
9073,5412,10
3564,7992,8
5581,5840,9
9998,2232,1
7227,1160,7
7154,7263,14
9479,4331,16
2330,6682,8
2482,4114,15
4610,3649,2
6240,7026,16
9944,8651,7
5736,6780,15
6316,3842,9
3749,2321,8
5585,1622,7
3053,1978,14
4888,8392,6
9666,1932,7
9570,291,14
1332,3240,11
3618,3606,2
6576,5434,15
4128,4660,2
368,8920,16
2921,938,18
6084,1935,9
2208,7601,16
9438,1874,5
9271,3149,12
8353,6375,7
6261,6185,12
9499,8564,3
1033,9984,11
9435,3581,9
9452,4517,10
3300,8555,12
2446,740,6
3291,8867,13
9731,4531,1
4427,8132,6
6185,681,3
8885,7472,16
3285,1086,5
7847,4552,6
1488,8553,14
4126,3664,1
1828,1218,17
8820,8603,3
9651,9991,1
2706,8487,9
5585,1439,8
9874,282,5
9623,8436,8
5155,5316,13
2619,8379,5
7188,4924,20
6169,8521,12
8476,1325,16
3756,3579,4
112,5484,3
5339,2821,18
1556,2928,16
8323,7853,13
7204,4840,20
9392,5515,10
6935,6031,19
8056,4079,18
5321,9488,2
61,6908,20
2828,5103,4
3754,924,13
468,1901,11
9408,6591,16
1623,2436,17
9343,9409,10
4682,2099,13
4208,8566,10
6526,602,13
3472,1368,14
1106,9924,18
1847,4615,8
2852,2930,6
7888,2934,6
9034,7937,18
4452,8860,14
72,310,11
7077,4819,14
3370,434,13
5121,3372,5
1016,8266,6
9182,9432,7
8492,8314,14
5779,7733,16
1977,5670,8
6293,1913,18
867,6032,12
4353,7577,5
2155,7916,12
6182,6438,16
1511,2248,14
7738,9654,5
4196,2060,7
9548,9906,9
5172,1824,16
8414,4453,6
6067,4715,7
259,2775,16
6297,2881,12
5747,3329,13
807,7327,1
9097,4580,9
8942,2774,8
4828,5461,4
2776,8891,7
3212,7430,17
3677,7689,18
4759,3620,16
4064,9648,18
9130,944,4
4355,7981,7
7694,6776,13
1468,5164,16
6058,9858,8
8595,1298,18
5235,3826,16
1,5401,20
4700,5801,15
8955,8061,15
6127,181,1
5787,9041,11
6235,3859,7
6226,2830,9
9409,6094,17
1845,1358,16
9557,3368,12
5742,2621,4
5799,4569,7
3488,2772,20
9380,5901,9
4653,7152,14
5000,8597,17
7390,7405,3
6768,8873,15
2788,7207,18
3221,422,7
6265,3763,4
6148,5982,10
665,4913,18
918,5896,2
1877,2056,3
7983,3914,1
5736,8811,2
7942,4092,9
510,5952,13
635,6141,2
355,5580,13
9652,2922,7
2130,7583,20
1659,4910,11
9788,855,3
5849,7742,8
3653,7939,5
5146,6480,19
7903,5259,8
9846,4176,17
153,820,4
5848,9294,19
2904,1847,5
972,7368,1
7388,2637,15
7037,4830,20
8865,9297,13
4362,2772,11
3340,2708,12
4644,8382,4
1426,1066,6
8159,7177,10
9030,3998,9
1956,7550,1
7559,2208,11
4477,9550,11
9757,7544,9
636,9001,13
5252,287,19
7622,3931,5
3818,9956,1
9912,4080,9
4451,623,1
5725,666,20
1828,8170,3
4870,4805,19
8841,4593,1
1410,4038,4
9560,4159,10
7960,819,7
5971,8691,15
5344,2911,5
9553,8153,19
1570,9374,9
3744,6516,3
6697,2402,1
7351,8238,18
8287,1868,15
3188,3086,6
8171,6508,15
3472,7225,15
6257,2293,11
6714,288,15
6896,9057,9
9183,7185,3
9303,7157,15
6712,71,10
7139,4047,13
8642,93,15
4645,2621,9
8559,4588,9
2460,3163,1
1001,811,10
4789,869,3
1609,3224,16
3592,3680,1
4645,4281,18
5135,9967,19
995,4629,1
3467,7153,19
285,6919,12
4246,521,9
3920,6150,20
4186,6962,19
2400,5592,16
779,3828,10
8555,4099,7
7830,4659,14
4136,1403,18
7204,282,18
2914,7539,4
2730,863,20
1298,9577,18
2919,6824,9
7267,7538,17
2172,9976,1
7153,3330,13
6302,356,1
3913,1815,1
7750,155,8
7789,181,20
3187,6531,5
2029,2295,16
7268,1794,19
5908,4572,17
8651,3005,10
6781,6982,6
2589,6868,6
7833,8929,15
2706,9178,13
1545,5621,3
9441,5189,12
9409,1337,19
523,7478,2
236,2165,13
2625,8489,4
9151,8353,14
2435,8695,20
9584,2269,13
5064,4203,5
8802,9982,6
3806,2820,16
7372,2552,5
2129,118,9
9777,7440,5
9062,564,18
1869,1455,9
3871,4919,14
7592,575,4
6821,6253,4
3124,7673,17
2319,5606,12
9909,1060,13
3163,8989,14
817,7846,16
3315,5279,6
4196,9665,17
9121,42,16
4804,4543,12
3742,7694,3
3692,4749,16
2949,7734,15
1191,1060,10
9820,9917,18
2089,1425,8
8410,8255,1
160,5980,8
4738,3914,20
8551,8755,4
5030,7729,8
8477,8883,13
3042,6462,11
1382,7711,7
3243,9872,17
9105,9319,8
8581,4524,16
4496,5986,14
6315,9154,3
3979,9114,4
6397,5364,20
3284,2516,2
4232,186,1
2865,7678,2
8229,7526,18
8561,2222,12
3673,2995,6
6406,7856,2
9439,657,13
499,2939,14
9444,579,14
8063,9006,15
3109,4316,1
9250,7446,4
8194,5184,10
637,907,20
6400,1798,13
2639,6190,15
7110,9756,3
1613,5526,18
1553,1653,16
414,7731,10
6428,4800,19
8706,5484,14
4319,5068,13
4974,2746,9
4933,1169,20
2985,7343,11
9380,3300,20
9798,1204,13
5314,5540,10
737,7919,2
5224,5343,19
4186,4948,9
5624,3503,3
6147,3187,15
7983,6421,14
5593,4089,7
3692,5177,13
1113,6910,20
7731,8040,6
3317,9366,13
3088,1377,8
5271,8418,18
596,3216,17
292,898,8
6190,7910,12
3560,7855,6
2806,909,19
1684,5867,7
3467,8098,20
4029,2009,8
5298,356,2
3893,7591,17
3291,6168,15
3387,2959,18
7349,3356,15
6081,2069,6
6360,7129,4
5161,6975,13
6691,6786,2
6120,1897,1
995,9937,4
9444,1878,3
4339,5619,3
963,9349,11
1852,2045,6
1993,6430,17
2326,1781,18
8222,7773,7
1584,5165,8
451,3684,17
6884,1270,12
4492,2303,11
6404,7318,4
1111,9892,11
4480,3628,7
7954,178,10
5321,6790,11
4566,3554,5
7045,9104,12
4560,8004,8
3573,4312,4
3417,577,3
7042,8680,7
7813,5338,20
6712,9181,10
3781,6732,18
4242,5000,9
3998,3898,13
6391,5652,14
8651,9268,14
8993,7205,20
3008,2629,2
4056,3278,6
1877,277,10
4408,3576,4
914,6303,16
9897,6134,8
8198,4898,4
4956,7617,4
7818,6390,20
533,8403,15
2876,1846,10
6753,5631,6
4783,8810,12
3749,5049,20
4193,4133,15
3277,8065,17
368,8203,5
9926,4334,16
6740,7671,4
4802,2984,9
6458,5443,9
3322,8502,2
629,7702,9
5093,9559,5
8969,7785,12
2272,5543,10
4062,8054,3
7963,4727,14
8492,8285,11
4206,6907,11
9560,6348,1
988,5316,12
4251,1589,1
7927,2216,10
929,7577,16
7631,7224,16
5947,3207,12
2389,5308,6
1056,3749,20
1319,5804,6
7391,1881,7
4536,3571,7
8947,7040,19
2096,4668,15
3667,5082,5
806,6924,8
9451,4800,12
117,1579,10
9130,5813,16
4800,7840,19
2052,2060,19
4363,8524,9
8032,3770,8
1532,3969,17
5061,5687,10
3778,1969,15
802,5183,2
2526,8060,8
2659,8149,8
8873,7399,10
7331,2385,19
7629,8494,14
2347,3883,19
2546,195,1
1215,5736,3
4354,8392,15
953,9784,2
2255,5372,2
1995,5504,6
4963,1885,16
3404,502,15
603,6519,15
5420,516,18
210,7417,9
6141,5243,7
145,97,16
9138,7305,8
1131,8946,19
5305,202,15
3263,2212,1
577,2522,5
1389,155,3
7212,7800,19
6529,6435,3
7175,4730,6
7011,3836,2
3751,7441,4
7230,8454,9
1921,3521,12
5339,7399,5
1713,485,17
2681,8030,4
5144,6647,15
9325,3659,18
6360,6695,2
9374,9458,9
1038,5788,2
1545,3938,14
3292,1998,4
5433,2162,8
5291,6539,18
669,4112,9
2445,5149,13
8161,2573,13
299,7489,7
8820,5260,16
6990,8048,12
4738,9494,7
2538,6767,1
903,4011,11
6211,5639,5
9121,8491,1
5944,7184,3
1920,3222,2
2985,7536,19
7372,4047,1
9172,2481,6
6705,541,6
3886,4990,19
7062,8721,5
9713,9511,20
7120,9501,20
7772,6584,10
6028,3048,17
1920,3609,13
5127,3438,2
460,7079,10
1584,7738,16
5515,2451,10
6349,3090,16
1303,7840,4
9258,4074,14
1052,5885,3
2380,1501,8
3282,3979,4
6482,4669,10
8763,207,19
8216,1825,13
9116,875,15
8644,5882,5
9364,8858,4
2372,5796,11
3174,3285,6
7879,56,2
4339,6100,20
7661,6222,18
8498,7981,3
6219,6646,19
2186,9515,9
2767,2266,4
8644,338,19
6981,234,11
7911,3158,12
4398,6835,11
9398,8903,13
2451,154,11
7620,1338,17
4004,5784,3
3679,7458,5
9836,3641,20
5162,4154,2
5887,1313,8
7282,3731,5
5399,625,4
5947,3902,7
2442,6467,4
7136,3363,6
5297,7421,5
1591,2786,20
3364,4503,12
4591,1821,5
5716,6450,9
5807,9208,18
7844,9849,12
6950,2918,19
3974,4471,16
3194,6158,13
4894,1028,1
1596,83,19
6526,5141,20
1110,6939,1
5068,8186,14
9051,314,19
2806,3169,18
7231,1530,15
2889,6717,17
4806,4596,4
9516,1497,10
1716,2504,2
4842,2216,18
6135,8190,9
2985,1871,5
9034,3406,1
1542,5998,9
959,8568,18
4767,6372,13
298,9775,1
4388,7648,12
4013,3279,9
7711,3220,4
6721,7758,16
5797,9168,10
6855,6912,7
9748,6915,18
3113,3577,20
2650,7910,13
9212,6147,15
5802,1542,1
3895,1301,18
4360,8846,15
5668,3621,5
3033,6232,13
8046,1534,14
8941,5086,16
6851,2473,3
2921,3471,12
9068,6693,12
6723,1241,16
1951,3403,20
3309,4732,13
1086,5813,14
1236,6140,10
4840,462,19
3998,1856,7
8505,9460,2
8576,5705,10
3719,9316,9
6420,2700,2
925,8986,16
7709,2801,9
5898,7056,20
1394,3588,3
3161,5387,18
9954,3848,20
2313,5462,18
7648,4331,17
7784,3978,12
5941,8149,14
2914,2568,10
8690,7229,3
6339,2792,17
6893,1819,12
8436,3467,6
9805,5698,4
4208,4599,5
973,1557,17
9465,9048,15
7258,9864,15
8385,70,11
8690,8828,10
5830,5130,18
393,6364,13
9294,7068,18
7992,3056,2
6109,338,12
6814,1801,13
6109,7273,6
3766,5953,19
5609,8250,12
1809,790,3
9190,9078,8
1239,3322,1
5360,1926,5
3391,8961,11
5899,4412,4
2352,4122,9
4521,550,13
4247,1337,15
8550,8020,1
4726,7503,4
2704,1724,18
3677,5074,19
4411,1379,5
1964,1663,17
9103,791,13
8356,7192,3
5389,4202,2
8531,5061,2
8514,9951,8
6457,1835,2
8605,9612,14
1596,4187,9
50,6468,9
5080,5580,20
3781,963,1
9521,6830,5
2882,5088,10
806,8695,15
2256,7520,7
5036,5823,1
1964,7927,17
683,3239,16
7194,5455,9
4900,8823,19
8892,4972,3
9518,4870,2
9875,5032,3
3818,7309,9
8462,8999,12
9021,3143,4
2814,8327,16
769,4,8
7823,4182,14
6509,420,15
3009,794,11
7844,6625,19
7132,2677,11
618,1706,11
3453,398,1
6963,5979,4
5012,6747,13
6977,7847,11
978,2985,19
7716,2717,7
1003,7686,15
6127,2602,15
7516,4362,17
429,3161,2
2446,7896,5
6812,736,3
6246,5764,7
4284,1816,11
3276,9335,12
5866,2785,20
8267,7042,6
9516,2412,16
4420,7407,8
54,6246,18
8509,6313,16
9889,5645,20
2341,6518,18
223,8227,16
8129,5274,3
8256,9813,9
490,1275,8
5951,2810,10
2744,6364,5
4783,8452,15
9837,1277,12
8236,536,18
9639,8630,19
5463,6306,10
4879,8491,2
2618,1218,2
4108,995,18
3592,9724,6
988,4883,13
8266,5203,20
533,343,5
7558,3828,20
8364,2267,1
5800,9321,4
1138,2141,10
2612,6529,11
9936,8927,2
8834,6769,3
3773,6716,20
4753,4482,11
4134,8775,1
8638,1964,3
6005,7581,11
570,4497,17
2295,5459,3
6322,520,1
8734,8559,9
5298,6929,19
3008,6338,4
6450,9287,19
2706,639,16
9791,5757,1
2032,6312,18
1436,9449,17
4250,7026,12
1096,6762,6
2010,2970,14
6230,1381,9
5671,4244,20
8492,6985,6
3349,3170,5
9705,2970,8
7555,2234,6
9145,9553,1
808,2163,7
8385,904,10
7830,5462,12
4560,609,8
4011,7810,19
3800,4226,1
1586,3152,10
6045,4924,20
2764,9397,16
9540,4056,20
1349,7437,10
1745,9040,8
4747,8827,2
8363,5820,2
6394,3869,17
3761,6000,7
4712,1632,20
9992,4813,16
3263,8174,10
2341,4131,5
2405,7060,15
2333,9501,13
8494,8956,16
9836,7282,8
2124,9551,12
801,3582,4
5420,4892,20
5267,4583,6
4609,9728,15
5192,9193,8
4064,6219,20
8899,8031,6
9238,5013,5
20,110,19
617,5416,13
299,3992,19
8268,826,15
7899,8929,19
4012,4668,6
4481,3517,15
2279,8099,2
7572,1238,8
9825,2013,1
1513,7588,12
676,8791,16
8314,4125,18
6500,1357,6
8365,3960,7
1113,4722,11
4972,1005,12
1424,9415,2
9893,3391,2
9762,1459,19
9940,89,8
4896,1308,12
6997,3999,10
2096,3230,10
4607,9205,18
8293,6369,4
5193,3342,13
8352,9543,10
120,2336,9
457,7083,19
4480,2569,15
9562,2869,4
8503,4616,11
113,9777,4
8914,4480,1
7233,4461,10
5076,6362,9
7120,5407,11
216,6358,3
1784,6623,19
2836,5957,14
5539,1526,1
3428,1254,15
3602,8435,14
8117,2996,8
3410,7147,16
9269,6142,17
2204,6087,6
4671,2883,17
4828,4136,9
8551,6412,11
4234,2614,15
4689,9450,3
2463,7799,8
7198,5555,18
4753,5940,7
8707,4157,14
9790,3611,17
2677,1117,14
8562,8541,11
3880,5652,1
3813,6001,10
2265,3968,20
5451,576,16
1414,3746,19
3367,1224,1
2717,320,14
9536,845,12
9905,9475,1
7249,5266,16
1975,4297,18
5190,4313,13
9217,54,7
5346,4613,1
5463,1240,19
756,4251,9
5769,8935,2
1308,2569,17
6705,7113,18
2229,8092,9
3806,41,4
1040,4704,10
7928,3053,3
2884,2827,10
6116,1587,5
9502,2966,9
5841,7091,3
9604,3666,6
5093,2503,6
6723,3245,13
2350,7076,16
5433,9245,18
1166,5375,1
885,8600,11
9825,6379,14
7311,6746,12
1397,6795,20
7179,6156,1
7798,9614,1
3495,422,18
4906,5042,3
3302,4916,6
3261,7967,8
3626,8607,11
6578,8082,2
1929,2520,12
4185,1450,8
9667,5857,14
8859,4417,10
1143,3021,13
8260,7181,11
8246,7055,18
1250,1382,10
1369,2185,4
2919,5484,18
2295,3557,5
5022,9944,14
6361,9881,6
9489,3701,18
2977,4489,4
4062,8682,11
6646,4960,5
4663,3535,6
6070,3377,16
5009,2470,11
7952,4308,3
9080,8399,9
8527,9480,7
4617,5951,17
2703,7505,6
7546,5091,5
2910,2353,4
8260,674,5
8791,8261,5
4594,8537,15
9705,9572,19
6561,2321,10
5667,7395,6
7817,408,9
5585,6849,11
6012,7018,8
2885,7363,5
1342,405,20
2835,3303,20
2893,4712,1
4130,2291,4
3230,5059,15
1393,529,20
9119,7689,16
6197,7281,2
1319,4080,16
2628,2020,18
9729,3258,14
532,5412,17
5803,8365,16
5440,10,13
155,9006,1
2124,1059,17
8921,1044,19
6270,5250,2
515,4715,10
329,3239,14
1324,6299,19
6441,7713,2
5618,9181,20
5538,8372,2
8311,7516,15
7564,1785,18
77,28,4
7634,1624,4
1393,5109,14
7839,4989,16
3050,3434,9
2876,1094,6
3739,6912,19
8713,5573,1
7616,6029,5
5012,4769,1
2593,6341,16
5694,2222,5
5206,215,12
5502,1870,6
4217,5869,7
2852,4907,8
7595,6051,13
9757,4027,8
978,9832,5
5132,401,15
4311,1493,4
2813,5466,8
6740,3637,14
7370,1983,4
8038,3394,14
7258,2734,10
3210,2536,9
5697,5203,8
8914,4566,2
5580,2054,1
1857,282,3
2333,1199,3
6299,7952,19
5668,8492,10
5786,7513,14
3511,6585,19
7099,8925,6
6712,8630,1
1003,1022,15
8117,5734,8
4112,8955,8
7494,6058,11
2909,136,5
976,3586,7
1568,6402,8
6748,5351,19
4645,3158,17
3187,7259,3
5983,185,9
4128,5670,18
775,3442,2
2333,9936,17
3482,7637,9
8221,3315,3
8625,7406,7
1733,1113,14
787,6525,7
7171,641,17
9893,5230,11
6750,4700,9
239,395,5
5169,6233,9
9846,3316,17
3053,830,2
3546,9084,9
1037,769,19
7160,4974,17
8887,5927,3
5838,5063,19
6643,4259,4
7661,3350,12
2703,3952,3
3800,3895,7
5541,1937,3
912,9186,2
5404,2166,3
8051,285,3
8888,3971,12
5044,9407,17
2483,3683,3
8086,8572,1
7027,6239,11
2036,3640,15
8390,6655,15
3533,2345,12
804,1107,1
9049,6791,13
2322,8749,9
4287,3187,8
6504,2211,8
2889,1351,13
7777,2330,18
7961,2657,5
9745,4712,16
6386,9449,9
5804,7879,5
202,9219,8
993,3017,7
5654,2480,7
3707,610,10
5854,26,11
7938,8652,19
8143,941,18
8693,1334,4
2319,8522,2
738,9899,11
8464,6034,20
72,5848,8
8510,1880,4
1882,850,20
5070,8806,8
453,1617,18
4300,221,12
8164,210,5
6474,9604,7
627,2602,17
4944,8176,8
2685,5629,10
4244,7590,4
7362,7162,18
4222,5195,2
5459,3562,10
3688,7120,4
9667,6224,19
3749,1864,18
3462,2617,8
4644,6730,3
3829,172,6
987,3005,7
5725,8107,16
231,2526,3
8301,5044,20
8098,4375,20
4311,9619,3
2316,1998,11
6427,6870,2
2566,1298,4
4204,923,8
111,7732,9
7016,4009,1
4048,7814,5
7873,6778,11
862,7274,16
7689,2957,16
376,2797,18
1215,279,9
7888,3413,11
1412,3329,18
1382,4091,8
2788,5848,12
4905,2360,17
7481,9794,2
4256,5993,20
6337,3800,2
1020,7568,10
7539,9881,13
7600,5970,2
4144,9806,6
2749,6565,13
9631,7769,19
6168,6738,12
6116,7058,18
9164,1458,9
2368,6329,17
1143,3512,12
5385,250,3
9239,4284,18
5531,1026,14
6417,3868,11
1338,9434,4
6304,8416,7
6233,5229,4
1647,8121,19
7381,3128,2
3125,7797,18
4372,4434,15
2340,3764,3
9715,1963,13
8555,9863,16
9652,4424,20
8882,4516,8
7578,8096,17
9738,1847,3
2852,8280,15
4293,1965,4
1527,1002,2
4521,5654,7
8890,9668,3
1369,4278,17
2217,6091,5
9151,8368,18
7611,7994,3
6492,51,6
7515,5656,8
6305,7272,17
4644,7839,16
6325,6973,5
6096,212,9
5595,9576,8
2692,8210,9
5556,6165,18
7915,1096,19
3647,4924,20
8222,304,16
6042,8880,5
5546,2191,19
2548,8663,11
7484,6718,8
4186,5663,8
2610,4761,16
4029,1260,13
7449,6731,7
2672,3942,2
9561,1960,15
1473,7427,18
5061,3609,12
2649,9348,12
457,9360,5
5924,378,9
1841,1210,3
3005,9496,17
3288,2087,7
8373,5425,9
4936,7901,20
8846,8898,10
854,1573,7
6724,4054,12
3256,5139,2
6786,4485,15
2066,2768,17
1137,7479,8
7013,5649,8
3260,1041,16
971,2877,6
3129,1502,8
3995,1057,5
2345,3430,19
737,1526,1
6904,5669,5
7393,2617,15
5725,3864,10
8007,6434,6
2547,4484,4
682,8016,8
5316,8104,12
793,4423,5
5094,7508,1
2135,9781,10
7806,4503,16
8953,1267,13
826,9567,9
5002,2192,9
9408,2021,2
4140,8426,4
4809,1363,13
5246,5699,18
2352,2536,20
29,5437,19
3835,9207,16
7329,9974,1
3531,5748,13
6406,7573,18
4220,8937,11
5199,3685,16
1612,1057,3
8323,6238,5
2857,8639,6
560,489,8
7688,7594,6
2138,4672,9
862,573,2
4644,3876,10
4497,9250,4
7126,6177,16
8041,4087,20
6653,6355,16
8931,8842,14
3235,3181,1
4921,8686,14
4492,1616,7
3599,5756,2
2086,1072,9
558,9099,8
7872,659,17
3999,586,2
989,9283,12
9253,4098,19
917,1921,17
8758,713,6
1433,7786,14
4959,6517,2
6812,6846,13
8028,799,4
8786,4317,15
3915,6739,14
5328,4772,11
2926,9130,12
8328,9458,15
4088,5987,11
5674,6602,10
957,4128,8
8098,6334,10
8228,174,20
5003,1522,19
737,9012,19
7140,3800,2
247,1728,8
9716,4605,14
4844,1456,15
3267,7114,2
3274,7186,16
4268,5966,17
202,7055,16
281,6049,15
5021,4694,16
9394,6588,11
3039,4135,16
549,5220,4
3952,5525,1
1167,2076,18
1917,3407,1
5119,2852,13
7994,2898,10
6197,4406,13
8311,4128,3
9542,7039,10
6261,8589,11
2451,2897,4
3016,3551,12
2482,9059,14
177,7904,14
7069,6473,4
4904,5717,16
9556,212,12
4265,7483,15
2158,7421,14
1742,9583,2
6242,5453,16
9027,2461,6
3514,9376,9
5043,8861,2
2441,8626,14
9014,675,16
1639,7772,10
4186,6122,2
3740,2291,7
4197,2336,13
2513,1755,8
6409,8500,16
2593,8743,15
2751,7861,19
4322,3608,19
4099,1109,17
665,7934,9
9020,5408,12
3735,3084,14
1815,5786,17
3475,3828,2
8899,1802,6
8077,4193,12
3679,454,14
4223,3070,6
1326,8682,2
8958,1439,12
6182,3794,11
3183,8316,20
2507,7700,8
8852,1149,18
1426,8871,18
2056,6695,17
1414,4380,4
6241,2719,2
4221,1424,16
5439,2026,9
8230,7647,13
2282,867,4
2019,2119,2
7139,6657,16
3345,5628,8
4234,6149,13
2371,887,15
4976,7048,1
8633,4521,10
5578,7974,2
2463,6455,7
5054,5921,3
2173,262,16
2776,7733,20
6275,4953,1
102,9277,19
3175,7857,2
5793,1480,17
900,9625,1
8302,1461,5
3346,919,2
4933,580,16
3805,2767,9
6884,6501,9
7843,1930,14
5475,7295,3
3488,5742,19
3318,2736,15
3933,2510,15
8091,8651,10
5950,8187,16
779,4755,2
3023,6892,3
8018,8725,10
6470,5790,19
356,9459,15
9759,2150,18
4549,2685,9
1414,1435,7
1110,6470,19
9827,9453,11
5892,9677,5
8577,7440,1
4727,1931,14
4517,9750,4
3037,6009,11
9028,1116,18
468,8193,14
5325,1613,8
2819,5831,3
7205,3581,20
5993,8447,8
7248,4633,15
8544,3998,6
5199,1528,15
9980,25,5
7972,7175,13
7688,3386,11
4634,5447,3
2332,2937,18
2778,3577,15
5977,22,3
1071,8174,8
1703,2532,3
1189,4928,12
8127,2219,2
953,4506,10
3437,3200,1
4572,4848,16
6331,9819,7
855,1699,12
6394,382,3
5873,8135,6
1901,6749,13
9976,2459,3
9237,3486,14
7548,1941,18
2452,1842,19
9246,7948,17
8432,9595,10
3600,3298,12
665,8957,3
9260,7919,6
6052,3692,7
8165,7129,9
5281,4108,16
7968,580,15
8373,3224,18
8160,1990,20
9591,70,19
5961,369,8
3089,2785,2
2683,5520,4
7844,5923,4
9216,4426,19
1033,3681,12
9176,9746,5
8154,6983,16
6470,7022,12
6099,4556,10
5694,7578,3
6281,788,3
6523,7608,14
7098,8073,17
3684,264,1
5811,6543,2
9606,7775,18
9944,7420,5
9284,22,15
8390,48,3
2548,6152,20
2659,6369,12
5993,1260,9
9200,3598,15
5667,9509,20
4933,1645,14
6187,3072,2
7426,2031,2
2177,3474,15
4246,1168,13
5572,920,3
3053,9579,18
6304,1551,17
2331,5804,6
8337,7284,1
3304,7822,3
4325,5560,2
950,1586,13
6073,3924,17
773,1149,18
959,6507,1
2704,1286,7
6825,1023,1
9713,1461,1
4560,6511,17
6996,1337,4
3404,2645,3
9253,2547,5
8242,9182,14
5811,3720,7
8282,1963,6
9159,3632,16
7994,4323,20
9791,8972,1
8857,6749,12
305,1285,6
236,2585,7
2255,1278,11
8687,8150,8
621,357,11
4747,9170,12
2414,72,15
2950,954,6
6196,4106,12
3258,1946,13
6734,4614,6
5659,5885,8
108,8085,7
5273,9652,12
7449,6393,2
3282,4850,14
3879,2913,8
9242,9047,9
6427,9819,10
9348,609,1
106,6066,5
2983,9617,18
1101,7427,18
9806,2669,18
4698,7920,3
9992,2556,18
4745,7406,17
8406,8129,19
1412,7672,13
2787,1095,6
8571,8707,15
2199,3148,20
3641,2812,19
918,1382,8
1481,2410,13
1636,1056,8
3004,1770,1
5850,5970,3
80,861,9
5889,5147,14
5533,7412,10
6265,5183,4
6039,5014,4
527,7817,11
2743,9688,10
2298,7159,3
52,1319,2
3364,6475,7
518,5492,16
6598,1092,19
5278,329,9
8237,4423,6
9108,7480,17
4275,9675,14
9923,2802,19
5766,9626,2
6168,6311,7
9097,1469,11
8675,8148,18
4220,6681,9
1710,5684,4
2633,3737,2
7938,6000,19
6493,1805,17
9173,7875,19
3525,4179,4
5200,2663,14
6173,5401,19
9177,8448,3
3931,4843,14
247,3456,16
1093,9456,18
3696,6071,19
555,3117,6
2460,2805,1
7708,2479,15
8082,8314,11
7672,1836,18
8721,3751,18
3050,6589,20
824,4489,13
7243,9373,3
3761,3718,12
1990,5361,5
7411,8155,6
2092,1664,19
1765,1329,8
9259,822,7
3005,7673,1
6430,5542,15
9073,5788,13
4550,6841,7
8297,5196,17
5433,3954,13
8741,342,9
9227,758,6
7302,240,9
5043,9274,3
2584,8799,8
9491,8393,18
2332,4943,9
9267,6173,2
9343,8789,17
5230,8376,8
4907,2882,12
2922,563,16
3695,9968,6
6646,2114,18
5816,3508,19
5983,1986,8
4301,939,13
1788,6662,11
2995,4083,13
5319,4108,10
690,8271,9
2369,7755,4
2305,9471,17
6863,6015,14
5742,4884,19
5554,3291,16
6036,8561,6
2904,10000,9
6014,5356,18
7273,3278,3
7342,2782,2
7953,3403,9
8644,3209,9
5854,7277,16
8970,3990,6
440,6698,19
3389,9542,8
6579,7501,17
7972,6664,18
1241,5808,9
5702,4149,4
7445,309,15
4971,266,16
3098,6039,17
2904,4400,8
2858,9415,1
5977,5100,13
511,2619,17
6073,6459,11
321,4344,9
9935,3105,18
8365,8293,20
7268,1763,5
1614,7746,16
1773,2635,19
1949,1469,8
1093,2215,12
4333,1455,13
9393,6222,2
9157,3439,15
3739,7036,3
5504,773,17
8842,8592,9
556,9952,9
4004,2369,19
6044,3553,16
4240,2906,12
4246,3012,9
2720,7014,5
6325,5460,2
832,2006,18
1089,7451,16
2330,5075,11
8041,6730,4
120,6002,16
6889,9548,4
7111,9609,20
1123,2755,3
3763,4079,1
4745,1444,10
9506,9816,18
8873,1443,1
501,6207,10
8644,6214,18
5840,6768,2
4945,1978,11
9261,105,19
6588,3784,7
8358,3344,8
882,870,14
1043,7386,12
205,3433,8
8986,7647,1
8221,2725,17
1393,3175,10
9810,580,16
6220,848,5
8299,8817,11
8401,4236,11
8091,5934,9
6669,462,14
4849,1218,10
2819,9218,14
4683,9571,17
6673,3468,1
9673,3584,8
1178,6023,19
9926,1664,1
9186,1758,18
9798,3371,1
6821,8606,3
3671,7703,2
8000,3285,9
2370,1157,7
2880,6681,16
5103,3024,12
3723,9818,20
6739,6977,14
9617,9453,10
4258,473,1
1647,1711,17
5533,6739,11
3603,4222,20
1481,3579,13
6743,4564,13
6567,5558,3
6873,1217,1
8441,7413,3
918,5137,18
9943,1616,18
2166,6821,1
3613,4748,19
637,9373,15
973,4121,15
9944,303,19
2257,1616,17
6190,4872,12
2934,6821,13
2910,2158,20
1977,8884,13
8240,2097,13
7049,9023,5
7090,6319,6
3308,3675,10
5005,1482,12
6625,8978,2
6550,7756,14
1508,9876,11
9232,2925,6
5065,7798,2
7972,6080,18
6472,4631,11
2547,9908,17
3394,9660,3
53,3074,20
7620,9444,14
7340,9000,19
2720,6208,16
7887,36,13
9936,3932,14
5175,9544,13
8746,4774,14
5458,713,7
6239,2416,15
9827,5180,12
4073,157,3
5136,5012,8
5785,267,1
65,3949,1
3754,3255,17
7740,1711,10
9858,9791,13
7736,6995,10
2295,5448,12
2359,566,10
8468,5814,19
3906,965,16
8337,5587,5
9014,5699,16
5765,125,5
3325,7441,14
1045,837,20
3207,6245,1
8752,7749,12
2155,7047,10
366,4240,7
7501,6733,16
8667,6480,9
2511,7780,19
2067,5562,19
2745,693,14
5376,6168,7
7046,7214,4
4240,4754,9
9238,290,2
7477,1831,13
2701,7274,13
6579,530,3
8124,2772,15
6196,54,1
4099,8068,14
1577,6733,5
1762,3147,4
7611,5475,7
9876,6117,12
9151,1393,18
75,9614,8
1337,8241,1
5472,2432,19
1212,3312,7
6708,5591,14
3220,3441,5
7839,1199,3
6293,386,20
9536,4354,8
3829,9668,19
2434,7910,14
6681,8957,9
3239,5888,13
8158,9698,19
374,9607,17
2333,5562,7
4126,8197,14
7166,2574,17
5704,1938,16
5768,3466,2
6308,8375,1
375,5478,8
1669,7389,1
6067,7865,14
4294,8051,15
5282,8561,6
6552,7287,17
2092,7937,13
683,6158,6
3835,4268,11
3461,3537,3
9689,4483,5
4651,4859,6
3325,6792,9
3565,6999,13
9163,9206,19
3679,8882,8
1733,3469,10
8160,7034,19
3443,5601,11
5164,8799,5
1038,275,2
7580,3976,15
4481,4819,16
2035,8140,19
1813,986,4
7009,5546,10
5212,407,4
9514,8709,9
8239,8263,16
7503,5683,16
7312,341,18
3654,484,9
3433,8262,18
6494,68,13
8242,7628,4
6168,4934,4
6037,4252,10
6340,2243,16
4622,5452,5
2662,1255,16
3032,4453,18
5132,1945,17
6577,2628,18
3054,4803,5
5961,2896,4
7392,9894,10
995,4742,8
6196,4903,3
2685,3151,5
440,860,4
1311,9165,7
8001,5787,9
9387,3815,6
6081,6225,18
1149,7355,14
5873,9443,3
5854,3246,20
6883,140,7
5703,8423,17
3010,9853,17
9822,8594,18
6941,7899,13
4929,7369,5
6874,3456,18
4189,6362,20
2874,3300,19
9797,5028,9
510,781,14
1008,4321,14
8432,5228,8
8690,4121,2
362,5370,6
5326,8045,17
9645,5150,19
5845,9995,5
5563,9555,6
8911,589,15
8562,5825,16
5418,9467,16
7629,3072,15
5433,1088,1
6385,1066,18
1123,3342,15
9641,1879,11
7017,2764,15
2158,3836,14
3648,4312,16
6257,1738,16
3759,9889,13
3547,5054,18
778,5210,1
1731,3685,6
6141,8999,8
5416,9881,16
8744,9668,6
883,136,7
1636,7571,5
3859,1204,4
8935,9988,19
2003,1200,18
1384,9003,4
7875,3005,5
7045,4412,8
2006,5023,1
5316,7354,9
2139,5623,20
8196,118,19
5164,8601,7
1239,7566,3
1998,204,1
959,2704,6
4083,4433,18
5107,9379,8
7708,1845,3
8541,3713,18
4028,7694,3
5724,9823,7
3140,2614,6
5337,3878,1
9689,5330,6
7381,1775,4
7556,3912,17
1682,5452,5
361,4382,13
3602,593,15
177,9357,12
994,9255,11
7984,9404,10
7572,6844,8
6173,6181,5
2650,8623,4
7558,1797,18
4289,6128,9
2280,9451,7
707,3161,20
2204,8190,17
2633,1135,13
8838,2264,16
203,2371,8
6170,217,15
8444,8008,7
2331,9796,5
7243,6466,5
2771,5074,1
1442,8843,17
5851,5474,2
4134,1347,5
5156,2472,15
5747,8855,4
3316,8323,15
3025,742,1
8290,7087,7
2432,4984,9
165,5467,14
9289,8738,14
8852,834,12
7847,1013,4
8425,9275,13
3641,7581,16
5164,9357,10
3941,1497,20
3711,5762,17
2949,9690,1
1170,2800,5
6819,2570,15
635,6230,19
4143,990,10
7766,1665,16
6735,5334,7
2372,8369,8
4517,5517,7
2316,3159,7
1191,6827,4
9017,3756,9
8024,1931,3
3544,8971,19
476,8081,20
4692,1839,17
981,2183,3
582,1053,10
4128,340,16
2441,5998,18
8439,5890,5
1012,7227,11
7218,8067,5
8511,3970,16
7282,4367,19
4706,7723,10
4067,7219,10
104,7734,15
2241,4716,12
8115,6258,3
8968,2317,10
5720,3998,7
2199,319,11
8375,5171,15
1189,960,16
1020,1605,13
1167,8307,12
4607,2733,16
2843,1321,14
3611,3817,5
333,5150,12
7580,338,5
3387,1896,20
4306,9141,16
5305,7684,1
8550,8855,2
4223,6603,5
7042,65,7
4066,1990,19
6918,9117,15
5632,321,11
8232,398,2
3318,4793,4
1860,5995,9
9159,1138,17
6114,4598,2
219,8299,1
1450,2058,13
2155,4422,20
2119,6798,8
1263,9192,15
7591,4297,5
5141,9466,1
142,2765,12
3196,6649,18
711,5286,14
9435,1117,9
7765,4890,19
205,2614,6
597,3331,16
6728,9317,18
1002,9448,3
9731,4019,18
9253,8703,9
8840,2722,18
2290,7034,6
7562,6106,17
2730,3912,4
1394,8039,12
8251,490,13
9121,7336,16
6896,2346,12
8388,6761,8
8288,1274,12
6094,258,1
6576,4589,14
3895,4661,2
6182,3511,17
1570,2953,1
8297,9484,19
1311,1250,3
8969,6017,6
1711,4453,2
5335,7402,8
3755,4240,7
882,4512,13
9314,2144,2
659,4979,2
6482,5994,5
3592,7574,10
9984,4973,10
8250,6413,5
4438,3736,17
4798,5944,5
6980,9440,1
9086,2575,14
6855,686,12
6520,7441,7
638,635,20
500,7987,13
2347,769,10
4269,3557,15
4375,4369,18
2819,4666,8
8487,8591,4
8239,3475,9
3692,1884,18
1016,4674,1
8053,8850,15
7334,6146,13
2712,9931,9
3771,7289,20
9485,3828,5
2487,9944,11
6884,5575,18
2588,4176,4
5614,9032,1
7899,977,6
7372,2832,13
7142,1560,13
6008,7412,14
9831,7770,20
5761,8091,19
1408,4948,14
5784,3674,6
1842,8215,11
8911,5038,1
9259,1968,20
9372,4795,13
6235,8023,17
6851,7972,16
6863,4332,6
2367,7874,7
5944,5047,11
171,1561,12
7315,8285,6
9082,8147,6
3363,3454,10
9743,5423,2
5319,5754,17
5064,2804,20
6240,7273,18
663,7278,11
4244,8154,15
4138,3710,1
7564,470,19
9855,7906,15
8090,9110,12
2694,9218,14
8477,5453,3
5702,997,8
7179,9572,20
7838,9207,16
2926,7893,9
8850,1614,13
5943,5937,1
5035,9569,17
9673,2106,3
7740,1534,11
571,6310,6
3030,7253,19
8001,816,20
6669,1811,13
8722,581,4
8965,9071,15
4690,8416,20
8372,8352,12
28,2649,4
1156,1913,6
3567,6134,5
7564,7240,11
9962,6655,12
742,9207,5
965,5307,13
5629,5267,7
7392,2248,5
4896,1975,6
899,9963,11
3648,6817,18
6172,5461,18
1147,661,17
6293,2237,1
3602,9298,17
9982,3011,13
5629,5712,8
859,5268,10
2787,4156,16
7077,9145,5
832,9894,2
9532,3731,10
7668,6508,13
9526,9869,8
4546,9233,20
355,6031,18
8172,5242,12
8399,8297,4
8628,9946,9
5273,5759,8
9502,6387,13
8124,4829,9
1051,565,9
173,6890,12
4966,257,12
4287,5690,17
5899,9159,10
8580,5542,1
854,2408,19
3820,9289,6
7003,2358,4
7723,4899,18
604,6793,1
5399,7778,13
5603,138,14
8016,3902,4
8541,8919,8
1841,4425,1
698,2161,4
6602,8729,3
6232,374,20
8767,7384,9
1093,1535,14
4205,7556,7
9736,6013,7
4452,6397,2
9733,2510,5
9788,6127,13
1671,1667,19
7047,6072,10
2953,1855,12
5936,3895,12
7446,9073,12
6458,9009,5
7858,5122,20
4329,2588,16
4576,8614,16
7558,4748,20
4757,1621,3
4881,7878,16
2596,9720,12
6035,4474,4
2977,9000,1
3175,4653,9
3239,7991,15
9339,8609,16
5941,8427,2
1552,934,9
1527,8232,3
7469,3361,8
9502,5317,12
182,3850,13
2888,8951,3
9217,3669,11
393,3644,12
7904,598,13
573,430,13
364,7646,5
9119,6558,7
5287,5175,17
5533,6715,9
4347,7941,17
4712,3094,17
4488,9158,20
4070,4261,8
1550,4876,5
4868,1427,17
7939,7371,2
663,9460,5
6889,8922,10
8918,2400,9
88,1816,4
4557,7454,16
5319,9413,7
7899,5030,10
1825,3162,10
6037,6686,18
190,1187,2
5995,8665,12
219,8058,13
21,4790,17
8654,3682,4
6342,2290,15
3328,6612,9
9960,2407,2
5694,346,11
7284,4954,19
6723,2671,5
9858,5446,5
3628,57,19
1775,1882,2
7838,2798,15
1762,9168,15
9602,1630,10
54,4762,17
3317,6300,7
1636,5720,14
4760,9703,20
4610,4898,20
6580,6079,14
8942,8511,19
272,8055,12
2702,2971,15
5996,6132,1
1345,5553,4
5036,4238,9
1200,4612,15
6146,4954,19
9065,8223,11
7823,7305,8
7939,3746,8
6653,7050,4
1530,8396,13
6448,4964,16
4833,2989,9
8801,6781,11
5224,8818,11
6135,2451,19
7709,5810,18
5879,2884,16
1299,8701,18
6602,7210,18
6435,6320,9
1743,4052,8
4653,437,10
2550,4098,13
8801,1806,5
5352,7875,1
1922,7805,16
8221,5798,18
5791,5489,3
5677,9030,4
6028,369,12
4513,9706,1
4871,1334,6
9546,6935,7
9062,6775,1
1943,6337,7
8413,2810,13
1998,4402,6
6385,7065,15
4524,1707,3
320,1531,13
5993,5740,18
7559,3002,5
2836,5806,15
5685,5493,15
3553,7636,18
632,5975,17
7241,3103,2
2840,5821,16
6644,3649,7
8315,658,7
8864,3274,13
4030,9650,17
5725,3455,11
2510,3629,16
7366,7328,14
2975,7820,12
5713,6977,10
8445,9645,15
8492,6,2
5977,8249,6
1627,8481,5
3042,2436,20
6973,1851,10
4225,3487,2
4374,7986,6
995,8935,16
9492,5011,14
994,4831,2
7974,1204,9
2019,3384,17
8651,9805,7
3531,3295,1
747,7384,14
3407,3612,14
6644,4039,10
5849,4424,17
4887,5287,8
7806,4427,7
7675,1290,16
8763,5304,1
2778,3402,19
8175,7813,6
3428,6783,17
1116,680,7
9154,6770,14
320,9688,16
2368,5399,12
8807,1097,19
7449,903,9
5589,3727,20
4701,4908,2
9919,6389,7
4340,4789,13
6993,9076,15
2905,7586,17
6920,5705,5
8464,677,9
7595,8104,5
277,8363,3
5322,5853,10
3905,668,20
4155,3332,16
3308,6710,17
2588,2633,1
2826,2740,7
7804,8217,16
3363,7820,15
7111,927,2
4263,4434,18
2424,6683,10
6690,9171,6
1336,6973,4
7032,3110,12
9827,6612,8
6653,7158,4
5174,4024,7
102,1886,11
2264,8450,13
7671,4631,8
8215,2243,3
6644,3336,4
3836,9158,7
5223,4446,11
9573,5378,1
7741,8621,4
5823,3814,3
7327,3892,8
6584,8711,7
5363,3839,19
6767,8640,19
6735,7000,2
1699,6391,8
8483,1076,14
9173,6676,3
9173,2261,17
3965,2536,16
9286,2102,5
1043,2281,12
9380,3100,13
3864,3533,20
3347,3814,7
8245,4672,20
2149,5031,16
8958,4514,15
3545,9775,1
1985,2872,3
891,4831,13
1987,9329,20
6631,9296,4
2619,7043,2
9424,6441,19
932,4196,17
611,6187,12
4834,1207,17
1174,2488,18
7194,2122,15
3711,1184,12
4542,3296,1
9544,1768,7
9841,3919,15
5441,5013,2
9984,9045,11
9806,6554,19
3369,5603,8
6676,5336,1
3585,3322,9
2467,7056,14
6067,8175,14
2452,7163,9
7671,3281,6
7888,7450,4
1815,4337,8
5406,7366,9
3467,6613,10
592,9358,9
457,43,20
414,6476,13
500,4503,11
2778,6047,15
7016,3858,1
8903,3468,11
6295,9168,8
3325,5805,10
8594,4418,7
470,1355,19
4781,9636,13
88,3392,8
1258,9165,17
2025,3604,11
2425,7333,18
9971,1580,15
4196,151,4
5818,5505,2
885,5433,7
7887,2836,8
7567,6821,3
9500,8521,8
6298,9019,12
7050,7025,13
7789,7944,15
6368,2084,6
6400,1799,9
2373,3634,6
5362,5756,7
8817,8262,18
7070,4476,6
9694,5934,19
5929,5744,3
8734,9440,1
9188,6020,18
9471,8331,10
9594,1719,12
6493,9819,5
4325,9567,9
5179,5663,18
4009,211,5
1264,1191,1
6348,316,6
1937,4727,1
2451,6225,18
2567,9246,19
8208,2889,10
8200,8120,6
1337,290,16
9131,7735,7
3258,5924,5
2036,7039,17
638,6378,3
1462,413,17
8208,7731,7
8777,9738,13
6375,3441,14
1612,9858,3
7114,5610,17
3428,2165,15
3322,4760,10
8480,9352,4
3645,325,18
9430,5493,8
7873,8280,14
7696,5883,12
58,4240,2
8333,5699,2
9232,4561,2
9553,33,16
2633,7916,8
3332,6108,17
1359,3352,1
423,6723,3
777,8772,4
6982,6564,17
7558,6314,14
2468,1076,10
8010,8247,12
3053,2629,11
3026,3716,2
6734,1002,14
4151,1442,2
1413,6506,4
5541,3220,16
8634,8183,12
4128,1470,10
7154,8503,19
21,8199,19
3641,1464,17
6885,1044,1
9663,2393,13
1131,4419,19
3609,6072,4
450,2590,13
1340,4169,5
3671,5731,12
8547,729,11
8562,1097,11
2715,8999,10
5830,7391,14
9875,9697,17
1591,2619,14
5784,8278,1
413,4654,10
6958,6794,17
6299,8757,9
2468,6960,11
4725,3117,6
5909,1344,18
7392,4374,4
4067,9104,20
7317,1726,8
5260,8385,4
2,1399,13
3769,901,1
2689,7679,7
6748,9093,9
8724,4432,10
748,1360,8
3211,3513,10
3394,983,17
9971,8779,1
7758,6368,12
9455,9775,8
8386,1890,1
231,2880,9
5305,1975,14
5088,3513,20
7446,621,4
3094,4965,11
2396,5905,17
8168,2684,13
3685,6118,9
453,9176,12
520,2606,20
856,7466,5
9955,2776,2
6529,256,3
8515,5302,18
8209,6770,11
7843,3506,17
6741,6912,12
1221,34,11
1002,1036,1
2625,5294,7
5353,4788,16
7507,8059,1
8848,4880,7
5481,1304,7
2226,8678,13
8216,9318,14
5833,9040,18
8382,5458,16
572,6168,20
5839,1914,17
6511,409,10
7252,4126,20
6806,6073,11
5841,1646,19
8547,4705,2
7047,5845,18
8048,4304,14
9842,8413,17
138,3899,18
229,3365,20
9603,2168,7
1289,864,2
4655,8775,13
3874,2105,10
6472,2278,5
7314,2460,5
1809,672,3
7428,5971,6
3553,2226,7
3400,6419,5
6246,1644,1
4411,7627,17
7217,1595,16
6106,4640,9
6984,4475,4
202,5690,19
4138,822,1
2279,9031,11
9206,3290,14
1886,6578,16
3686,8801,17
5547,4115,4
5162,1870,7
1336,1077,14
7046,376,7
6851,1739,11
4067,6612,12
3037,9442,8
4185,1924,15
4845,8072,18
6499,6579,11
9447,5768,12
3045,310,1
6884,7464,20
2217,953,19
25,7589,11
5493,6862,15
920,3335,15
8109,9958,12
5526,307,3
6499,8291,1
321,8523,5
4924,9352,4
3618,1798,13
54,800,10
4789,8750,13
9137,8189,18
9603,5765,2
1283,7367,2
8432,2132,2
2608,3185,10
1408,1682,19
2510,3210,10
5788,2405,18
5730,6702,11
3748,2534,14
6536,7776,16
2313,2860,5
401,780,1
7449,535,9
8311,9029,14
4516,6204,17
1481,1236,19
739,7095,17
4546,8615,2
742,8998,4
2229,8708,11
6646,2023,15
2811,1573,18
1528,6363,12
3946,6566,12
8651,5432,10
5970,3126,6
1570,626,10
8959,7250,16
1612,2599,1
8914,2253,8
578,3269,16
9612,5466,16
307,3007,16
7865,18,19
3868,2239,6
6830,8066,2
8564,1813,7
3821,140,10
7780,5137,15
3402,5659,2
3525,9190,19
8580,1805,6
2717,9800,18
8465,1275,6
5804,5789,4
4913,949,6
1000,9423,20
4156,5626,4
1964,8961,15
8442,4224,1
8822,423,12
7672,7779,3
1220,1011,17
1258,8561,2
1860,7449,15
5319,8689,10
6509,859,13
7752,7821,15
7850,2698,1
238,1017,10
5957,4422,7
7111,1806,3
4609,4910,5
4062,1711,4
5596,9228,14
810,2224,17
5806,1566,17
9664,1780,5
1630,962,2
8746,9107,13
5093,7162,15
3278,94,20
9300,2638,13
6426,8467,7
852,8861,7
6748,5120,11
1319,9952,8
9108,1129,16
8576,9171,7
698,894,14
2005,1256,6
1633,4283,19
5536,1109,1
5664,5239,13
4983,6416,15
171,2984,13
873,3151,18
885,52,19
9130,862,7
4210,7535,3
5399,3812,4
8054,9135,9
1183,1726,9
1436,1427,12
5818,671,10
4367,3797,7
1358,8453,6
3755,7823,8
5476,4529,6
6871,863,10
1881,7249,8
9633,9072,10
3370,4042,1
5504,4602,19
3984,2995,3
9998,2526,19
3613,8316,20
5112,3817,8
9128,2058,2
3976,7771,14
9455,6668,14
9791,4980,16
8200,6798,1
6253,7182,11
1576,7569,2
5831,5696,17
3414,3171,18
954,7660,6
1178,7926,12
4809,3695,9
8326,8154,4
4153,792,9
9414,1748,4
890,31,14
7375,4550,20
9971,1752,18
4963,6826,2
4638,8067,10
3285,7426,5
6671,9314,17
1468,2106,13
9464,9936,15
928,5878,12
4134,2487,1
1027,5634,18
1488,1578,9
8580,6301,9
6112,2468,5
8091,1261,5
2199,5796,7
6470,8324,15
717,1341,17
1342,9098,9
2681,3745,20
2876,3191,17
3271,7921,13
7879,8500,6
3332,6518,1
5887,8613,9
4258,8592,12
418,7143,8
1919,4190,11
4566,9497,15
9412,198,1
3340,9398,20
1588,2542,17
238,7062,13
2450,4845,14
6372,5061,2
500,2886,14
9271,7501,15
8440,7951,17
470,3053,16
3150,4254,5
1941,1757,14
4374,212,12
4520,9686,7
1062,33,10
6983,8005,7
2442,483,14
5319,7164,19
7888,3569,3
549,2974,13
6509,5962,17
7816,3772,11
6076,6843,2
7876,1840,17
7736,1546,10
5252,2948,5
2341,5732,6
2330,3185,3
4690,39,13
6458,1337,4
554,5835,4
9380,2419,8
4550,3542,13
2217,639,20
7275,3192,9
5330,6449,2
7332,940,13
2904,5614,7
6620,1578,12
6182,1160,15
7222,9091,13
6241,6632,9
4724,8212,10
7166,185,20
8843,3717,10
9880,1489,19
4004,6664,2
6139,5056,12
7683,9615,19
8873,7196,19
4510,8400,2
9059,5407,4
4638,2926,12
2471,3719,13
5448,8925,2
6931,6736,17
5816,9427,10
2097,7319,12
4411,1206,13
5141,4196,16
7791,5213,19
2312,4249,11
8210,831,9
8100,5030,10
6151,8219,18
3646,7549,9
1360,7848,19
7911,9222,18
3830,2137,8
5763,7637,2
9138,3583,16
788,524,20
8550,5137,20
7851,1053,19
5350,8303,10
4724,9663,9
8164,3476,7
681,2889,12
7306,4360,13
5506,5286,18
3918,5309,4
4300,8397,17
3151,1926,7
3554,7954,18
8676,9668,10
4605,9364,15
6027,598,6
8515,1137,20
2833,8748,1
806,3722,12
9971,2633,2
8338,4878,12
2264,95,8
8578,8380,2
2762,9773,16
9664,7775,8
669,5300,18
589,6009,10
1511,4697,9
8145,5734,13
3773,9905,7
1113,9666,15
219,5106,7
5089,7719,4
5867,893,14
9045,766,11
8220,2769,8
7201,6960,6
7769,5159,17
9665,8811,12
8144,5429,16
1684,5964,7
8413,7812,7
9623,1125,16
3999,8296,19
9137,6741,3
7616,4681,19
9799,9285,15
7729,8031,20
8785,7049,1
1796,4802,16
6559,8225,16
4682,4155,6
2900,58,5
1970,6136,10
2435,7077,14
3331,1635,17
6444,6643,15
8450,1976,1
9118,1574,3
3639,7465,8
5146,9083,16
5799,4168,2
7591,9240,8
1568,5364,11
5283,478,15
132,6221,9
7762,2673,12
8505,5551,6
5799,9368,3
4319,1277,9
320,2516,8
6067,74,19
7986,4003,10
6729,370,3
7672,2934,2
6463,3614,19
1357,6401,1
3560,5135,1
4559,8695,3
2223,2382,19
5235,8047,4
4913,1116,20
4145,2013,19
5828,6730,19
460,2230,8
9147,383,3
558,4443,8
4800,15,14
2398,8877,5
9402,9845,6
7132,5052,8
4805,1904,7
5838,6066,4
6489,3713,18
6332,5158,18
6653,2138,10
7537,3089,16
5807,9127,5
4030,9240,20
3992,6841,19
5013,6389,6
730,9502,7
7795,984,7
4879,6123,10
5595,7405,19
687,1373,1
8664,5669,1
2620,1390,5
3667,530,7
2199,1777,17
2282,2791,5
212,8384,1
6671,2391,17
5840,2213,10
8618,7713,14
5234,1029,13
2608,3516,6
5633,3488,16
8555,2611,11
4597,5646,12
5213,2934,11
2271,43,19
9007,8899,10
388,8658,8
7899,4894,1
7627,5192,14
4036,2900,17
2835,8353,5
6373,113,9
9576,7356,5
433,9501,13
9226,9376,5
2372,1026,15
453,5409,14
7661,3615,15
52,9415,16
5321,9392,12
330,3382,16
1243,8626,18
4140,6846,16
355,8364,4
7984,7097,15
8542,3409,5
2813,3521,11
7683,4988,9
5702,5480,20
5174,8819,11
8358,3672,20
4251,9157,1
7897,4627,8
1436,13,2
714,2450,10
5952,7624,11
2456,9237,20
7809,669,10
5575,5280,1
8597,2724,12
4214,8133,12
9865,3306,6
7282,1997,1
383,8129,4
8628,6642,20
1609,2098,10
1099,7472,20
1445,5469,16
3025,4,20
5360,7204,18
4972,7350,4
9831,2538,7
7046,3149,15
8128,6677,9
1150,7519,14
1534,6555,8
2046,3479,10
928,4831,19
3149,7741,4
7740,9083,17
8289,1865,19
6663,4048,11
4508,8727,9
9193,6793,7
8372,8598,13
6638,8239,17
2796,1230,4
7782,9039,2
2624,3199,2
3970,365,5
3438,4903,12
5567,9530,17
8875,6633,13
7530,9206,6
9149,4360,11
4566,5094,2
3438,2541,2
530,9080,17
3775,270,1
25,1165,17
8157,1268,16
7559,4183,13
4757,7008,16
2049,8254,20
3558,6164,7
6196,8862,15
8706,5232,10
4443,3379,11
5136,4077,18
2880,8789,17
3564,1505,8
8468,9155,11
5094,7462,16
9576,1300,6
7054,9481,4
7283,68,18
7960,3769,13
9017,7266,5
6106,3673,12
8496,3933,19
3241,2473,18
7639,4405,1
9955,5458,12
4942,2650,7
9935,9884,1
4637,5933,1
5088,2216,15
4944,7006,19
9271,5655,17
1852,5242,9
2486,5728,5
1601,2069,16
4943,2195,5
1929,4924,17
953,3929,4
2583,2323,5
4653,863,18
244,270,2
689,5082,3
854,8886,17
5632,4336,11
1535,118,13
7617,1737,14
2677,482,20
7820,2548,13
3573,6948,12
1762,9414,17
7204,4944,14
3345,4101,9
9980,7043,13
7411,943,19
2662,7078,4
3254,3672,8
32,7003,5
1978,300,16
4265,1350,1
1512,3337,15
6077,6962,4
8263,9813,18
7668,7017,7
2199,5046,18
2029,5704,13
554,9162,10
1379,3012,4
9802,5428,5
3309,7709,5
9657,9777,5
5411,9832,12
8848,3439,16
9614,7330,10
9797,6620,4
3862,2736,19
5793,8220,14
2593,1985,20
6576,6753,6
7548,2240,13
1432,5536,6
2743,2854,3
4505,4285,7
4607,6922,3
5952,5778,19
6132,8119,7
4579,4324,10
8550,965,8
7332,2271,11
1570,4052,1
7894,2557,12
3857,6143,6
3987,2741,3
2743,4369,19
2683,7914,14
6774,4288,20
3816,2126,15
6996,9452,4
2977,7168,11
7892,2030,16
4933,2827,2
6012,6652,5
3243,9214,12
1003,3134,17
8509,5715,19
3411,9836,7
9187,9205,10
4839,6748,19
9530,1916,11
8599,6465,4
4849,4715,3
6289,7056,13
7861,4595,11
72,1440,7
8630,5361,13
4339,5178,19
820,2923,15
9941,3035,12
4802,9712,2
1767,7644,10
9367,7097,17
4460,3848,12
6427,9533,8
3556,7243,11
6975,9281,4
3768,7805,18
6932,271,16
7642,8734,2
7049,9919,2
5411,8857,17
5604,9349,5
9685,7475,15
5079,2891,1
2934,8677,18
4204,9478,19
2771,1670,9
3387,8150,13
2783,2350,5
4039,1038,19
9085,8264,7
8013,7202,19
1839,8312,14
6500,9802,20
7032,726,19
8903,1892,19
4969,7982,15
3663,8563,17
8482,1908,10
2787,1461,4
1906,9881,18
8985,3964,7
6468,8684,17
7026,205,19
154,3032,15
6863,8528,12
8172,6563,12
1763,5378,18
7837,6406,11
7008,6127,8
7715,9391,4
8625,4858,9
2987,2539,18
4644,9495,14
8569,4933,20
831,4881,8
2838,4353,11
2701,9072,10
8264,441,16
6472,9359,6
1736,161,15
5693,4005,6
4208,5781,8
8002,4147,6
2089,4482,20
6552,4210,20
9091,1010,5
6807,3625,19
3610,5404,18
7798,3939,13
8885,3196,9
6570,7949,2
9633,322,20
1163,9767,19
6735,4740,17
6292,7242,9
6771,7616,3
4025,6672,5
8898,5636,5
1971,1999,5
7654,3432,10
7085,8374,14
5991,7726,5
9350,8722,3
6553,75,5
8797,3285,17
2289,6924,10
9414,1331,19
5713,5768,8
8510,2895,19
5670,2201,18
8117,6246,18
2571,2054,5
5231,1335,14
218,5955,12
6311,8155,20
8302,6664,6
3011,2000,13
4222,6500,8
2572,431,5
9601,2882,1
5323,3315,10
808,4183,7
6099,803,3
1455,4580,2
5578,735,1
8687,5648,19
741,7969,9
3300,1092,1
291,9714,9
8390,547,9
9944,2518,17
8272,6374,5
6728,9034,4
9405,5432,12
7620,3735,8
3841,7956,1
9802,374,9
3813,8575,7
6421,9949,20
796,8706,16
2031,736,13
4067,5777,20
6683,9607,6
2765,5241,7
7535,9161,12
5064,8822,12
9641,8134,17
5820,5904,20
7750,1859,19
3955,2716,5
8887,5359,13
1412,7322,18
5442,3970,17
1033,1544,1
7154,5309,3
8245,6129,5
9483,7135,20
4520,4500,2
1361,9146,16
9188,3991,18
8337,4111,6
9084,4006,13
8570,7529,20
2163,2873,7
3072,5307,2
9488,5965,13
2687,8620,6
9484,1484,3
8131,1840,13
9562,9595,10
20,9026,15
7940,5743,16
3913,9862,12
6701,3555,3
880,2287,20
9673,8313,3
8581,5569,20
4591,2084,15
5867,4347,3
3069,2599,12
1800,3219,9
4370,7047,11
5242,3230,3
9762,452,16
518,9668,16
1030,5930,19
2989,6345,13
8918,6936,11
1309,6181,5
1238,4370,20
5892,5931,1
8571,6395,5
6180,2430,12
7131,7973,17
7244,7655,14
2264,36,7
5417,5758,15
1276,9718,4
9532,7680,20
2985,5867,14
3961,4303,8
1209,3563,15
4878,5485,15
2089,8405,9
5224,4815,5
7009,8165,17
7310,2769,1
460,5989,16
1326,6810,15
8051,9860,10
6463,8662,20
5863,3344,1
3941,5260,16
7514,4281,13
5161,4200,14
9501,7583,1
439,4975,16
9954,6488,14
1325,3815,16
9966,6528,15
7280,5829,10
8499,7160,18
1332,2625,14
7777,309,20
9420,6088,14
4727,8639,16
1985,258,13
659,4644,19
9587,4620,11
2922,6104,7
9535,1247,1
4491,4306,4
1434,8228,5
5535,6478,7
9089,5121,7
8821,5917,3
2025,8020,19
4087,4602,5
7366,8760,10
6774,2553,14
3375,3009,16
263,1008,12
502,1414,3
1647,6825,15
6304,2841,5
8511,8384,11
708,5972,7
4222,1585,8
5,5712,2
4105,8778,9
118,8322,13
4644,9270,9
4707,9112,13
1309,9874,1
5793,4632,20
6574,4653,3
2270,4808,11
8400,7616,15
7730,873,10
6979,9988,16
1553,5360,6
2702,403,4
2776,333,11
4827,1679,18
4145,3271,1
8571,6312,5
3368,445,9
946,8927,19
7742,8277,12
8693,7223,20
7994,620,17
5132,9203,4
3508,4890,9
2716,1373,6
4645,736,15
4747,7159,10
8821,9914,18
435,3143,20
7141,6531,13
4370,8343,20
6036,2469,7
8978,5574,7
9602,7723,12
9096,1032,19
272,833,3
5837,1482,7
9453,5098,4
6111,4754,13
241,757,18
1089,6215,15
8958,4523,20
5153,9858,19
9885,4180,3
9528,6661,19
6579,470,13
9898,6749,18
2633,9306,20
2014,2174,5
5403,5811,11
8937,4785,3
5713,4455,19
114,7793,9
1296,8997,17
3887,8679,9
3064,4902,16
4417,1098,11
8452,2192,13
5273,6976,4
5580,5643,3
459,366,11
9934,4138,15
6681,8260,4
759,9583,18
6652,8626,6
4143,4351,19
6441,7950,20
707,3985,4
2880,8457,17
8347,3717,13
1921,2782,15
2701,2748,13
2985,4287,14
3902,6892,19
302,4027,10
1774,9476,10
8492,8193,14
8914,7801,13
7873,9554,10
4753,9769,6
8942,6117,20
4363,7326,18
9890,1750,12
6276,9828,3
8199,797,1
3088,6277,11
2817,2671,10
9748,4833,18
2931,1882,6
5810,1824,20
972,6777,14
1544,9834,12
8151,2081,20
3531,5154,8
4822,6894,14
9126,7453,10
7375,1172,4
7891,9159,16
2370,2178,20
5952,6301,1
6057,9374,8
9486,9909,11
2086,5748,10
726,4613,9
8438,2941,11
3210,4565,15
4067,4356,14
746,6156,16
4310,5898,7
5175,5530,2
1882,1635,8
1319,6394,14
3302,5767,2
1326,9701,9
3481,136,7
6915,2264,10
5578,7942,11
3064,4387,10
1579,7740,8
8501,4231,9
9760,9875,12
2935,7882,13
9788,5926,17
9741,8472,11
9515,2432,19
9031,2669,17
4822,9796,3
5953,2983,9
1191,5791,12
6921,4838,17
6492,1755,20
4340,7253,11
2340,9928,4
9358,6410,7
2743,7762,2
6998,8262,18
7528,544,2
