id,job,po_no,qty
1,,PO-3377805,28
2,,PO-9716864,6
3,257,,23
4,47,,10
5,282,,43
6,,PO-9938866,16
7,179,,25
8,,PO-6285424,1
9,,PO-8340699,13
10,,PO-2307118,39
11,,PO-7696257,20
12,194,,35
13,,PO-3515681,2
14,,PO-3413232,4
15,,PO-4649419,39
16,,PO-7388797,28
17,,PO-6579738,8
18,,PO-2580525,35
19,85,,23
20,156,,7
21,,PO-6475675,20
22,229,,4
23,47,,42
24,192,,48
25,21,,30
26,,PO-7194616,49
27,,PO-0737032,13
28,,PO-1172139,21
29,,PO-6620544,2
30,,PO-1378582,36
31,,PO-1067154,42
32,,PO-7185998,41
33,,PO-6252475,41
34,,PO-2630329,47
35,231,,19
36,,PO-3413232,8
37,,PO-1021436,48
38,,PO-9259269,8
39,259,,13
40,201,,34
41,,PO-8427088,32
42,290,,12
43,211,,29
44,,PO-4300503,43
45,,PO-1561411,30
46,25,,15
47,,PO-5017593,40
48,,PO-3505603,14
49,187,,29
50,109,,28
