order_no,line_no,order_stat,order_type,part,qty,unit_cost,due,line_cls
PO-5436934,1,X,S,8328,872,332.52,2023-07-23 01:39:04.468512,
PO-5436934,2,C,S,4707,246,699.76,2023-11-03 15:59:41.601768,2023-11-08 02:29:35.695443
PO-4965234,1,C,S,6175,533,368.76,2023-04-21 06:15:13.987077,2023-05-20 21:51:47.488233
PO-4965234,2,O,S,664,1217,562.38,2023-05-16 06:51:45.910273,
PO-9635543,1,C,M,3929,1310,718.42,2023-10-24 17:55:32.914510,2023-11-16 10:48:54.881246
PO-8166911,1,O,M,8650,423,537.49,2023-11-07 13:46:38.176420,
PO-8166911,2,O,S,2088,503,34.62,2023-09-20 23:12:25.405127,
PO-3478338,1,X,S,486,1290,607.73,2024-02-06 04:38:20.809940,
PO-6609093,1,O,M,2790,744,787.48,2024-10-17 18:59:29.346698,
PO-6609093,2,O,S,7536,1733,543.91,2024-11-01 00:48:22.223071,
PO-6609093,3,X,M,882,1989,402.75,2024-11-02 11:23:31.802066,
PO-6055400,1,C,S,6554,1940,786.36,2024-12-18 16:39:52.342359,2024-12-27 23:35:07.688762
PO-6055400,2,X,M,1344,1070,265.87,2024-09-14 07:58:40.079335,
PO-6055400,3,X,S,9531,412,584.74,2024-11-04 16:29:09.889145,
PO-6055400,4,X,S,9893,860,726.0,2024-12-13 10:20:19.768428,
PO-1896407,1,O,S,3475,1092,148.79,2024-10-19 16:37:34.494743,
PO-1896407,2,C,S,4167,749,486.34,2024-09-25 17:36:30.666609,2024-10-17 11:01:05.145416
PO-1896407,3,X,S,3149,1776,515.84,2024-11-20 11:16:16.980731,
PO-6024618,1,X,M,1356,1869,725.34,2023-10-01 09:06:50.734841,
PO-6024618,2,X,M,4437,308,355.14,2023-08-25 12:38:53.613870,
PO-6024618,3,X,M,7192,1445,65.44,2023-12-02 03:48:47.010160,
PO-5147621,1,X,M,2794,463,732.26,2024-09-29 00:55:08.932799,
PO-2008562,1,C,S,1304,1256,569.32,2023-09-19 12:28:24.364103,2023-09-27 08:39:24.106048
PO-4849979,1,O,S,3699,1215,662.85,2023-08-14 02:26:05.578640,
PO-4849979,2,C,S,6696,385,269.36,2023-07-25 22:50:24.644015,2023-08-17 19:44:37.459392
PO-4849979,3,C,M,5419,1185,339.17,2023-06-17 14:20:22.278503,2023-06-29 04:58:37.915122
PO-4849979,4,C,M,7097,1078,478.27,2023-06-07 12:21:15.059520,2023-06-15 23:58:56.477361
PO-2390776,1,C,M,2427,1690,116.56,2024-06-09 21:28:30.345511,2024-07-01 17:15:07.836949
PO-2390776,2,O,S,5300,430,132.44,2024-07-04 18:01:59.733918,
PO-3548982,1,C,M,2190,1477,192.79,2024-10-01 16:45:46.517191,2024-10-30 01:53:41.137597
PO-6828254,1,C,S,7631,1455,152.52,2024-10-16 13:27:56.477799,2024-10-20 07:54:15.746167
PO-6828254,2,X,M,5612,776,41.81,2024-09-23 14:31:24.665137,
PO-9706318,1,C,M,9741,242,799.3,2025-03-24 00:54:12.894518,2025-04-17 02:06:37.003133
PO-9706318,2,X,S,7088,1597,211.36,2025-05-03 12:50:06.126199,
PO-2459035,1,X,M,2425,182,247.08,2023-09-28 07:55:53.974631,
PO-2459035,2,X,M,9185,1884,458.3,2023-11-18 16:34:38.388375,
PO-1794968,1,O,S,9466,1474,558.26,2024-05-26 04:34:27.005796,
PO-1794968,2,X,S,7540,897,205.77,2024-02-05 05:52:43.263262,
PO-1794968,3,X,M,1175,810,309.11,2024-03-20 17:02:34.603875,
PO-5973885,1,O,S,3001,26,270.33,2023-07-07 23:40:31.419359,
PO-5973885,2,C,S,1365,526,513.8,2023-08-09 20:42:30.965358,2023-08-29 16:14:36.824622
PO-5973885,3,O,S,5671,152,364.55,2023-08-27 14:15:44.578328,
PO-4778237,1,C,M,1340,1309,651.67,2025-06-04 11:30:02.184383,2025-06-13 12:02:22.575165
PO-4778237,2,C,M,8909,1234,465.02,2025-04-15 02:32:40.594030,2025-04-16 20:52:31.851201
PO-4778237,3,X,S,8207,698,329.79,2025-06-09 06:24:04.982896,
PO-4778237,4,C,S,1686,1525,732.48,2025-04-30 03:15:12.037651,2025-05-02 04:06:23.749516
PO-2643933,1,O,S,334,1883,594.27,2024-01-14 12:04:07.384822,
PO-2643933,2,O,S,6824,286,457.95,2024-02-07 12:17:02.676708,
PO-5662530,1,O,M,2728,1155,425.13,2023-07-26 01:57:35.398351,
PO-4476100,1,O,S,9130,724,24.4,2024-10-01 04:16:34.410204,
PO-4476100,2,O,M,8595,1201,113.68,2024-08-23 11:26:13.394072,
PO-4476100,3,O,S,9949,1249,485.9,2024-10-29 18:06:59.262356,
PO-1771106,1,X,M,6708,534,677.21,2023-10-27 07:28:48.555764,
PO-0750819,1,X,M,7249,1231,297.59,2025-05-10 17:06:31.202317,
PO-0750819,2,O,S,491,104,630.65,2025-06-09 14:48:28.446016,
PO-5868195,1,X,M,6685,712,533.1,2024-03-13 15:32:04.194468,
PO-5868195,2,C,M,4735,748,250.68,2024-06-01 22:10:51.758986,2024-06-28 07:32:17.641251
PO-5509523,1,X,M,4570,209,688.99,2023-07-03 04:00:24.051880,
PO-5509523,2,X,S,1897,1853,165.88,2023-07-23 02:08:27.861372,
PO-5509523,3,X,M,7210,1976,779.11,2023-05-20 09:17:43.969758,
PO-5509523,4,C,M,1607,782,490.92,2023-05-29 18:47:33.774492,2023-05-31 03:13:20.228109
PO-6014296,1,O,M,3248,1442,728.74,2023-12-23 13:38:55.479570,
PO-3357149,1,O,M,2624,668,699.33,2025-06-15 14:14:38.342953,
PO-3357149,2,X,S,9585,1703,105.17,2025-04-11 01:51:00.754952,
PO-3357149,3,C,S,5570,1120,423.34,2025-06-09 14:06:38.067236,2025-06-12 10:41:42.886456
PO-9848174,1,C,S,1241,1366,94.19,2025-03-02 22:27:52.826614,2025-03-17 03:22:03.908324
PO-9848174,2,C,M,7662,1521,424.49,2025-02-16 15:07:29.097350,2025-03-03 05:46:03.759973
PO-9848174,3,X,M,1500,1687,170.2,2025-04-19 00:00:22.195057,
PO-9848174,4,O,M,4036,1457,732.18,2025-04-16 20:37:40.079553,
PO-8672216,1,C,M,554,968,544.06,2025-03-10 14:30:28.887108,2025-03-23 12:42:07.036691
PO-8672216,2,O,M,9142,512,216.07,2025-05-19 18:03:25.722002,
PO-1679216,1,X,S,3442,1645,437.85,2024-06-02 01:11:21.088570,
PO-1679216,2,X,S,2281,1594,310.21,2024-06-06 08:34:29.272656,
PO-0896968,1,X,M,9789,473,617.22,2023-07-13 11:42:18.780299,
PO-0896968,2,X,M,6426,520,753.05,2023-06-28 17:36:43.429473,
PO-5784947,1,C,S,2141,937,684.65,2024-11-29 02:30:12.132172,2024-12-04 21:10:35.835219
PO-8755109,1,O,M,1408,263,32.99,2024-04-02 04:02:14.164742,
PO-8755109,2,O,S,6680,1457,525.67,2024-03-23 07:19:34.865740,
PO-6320002,1,O,M,6906,1534,30.87,2024-03-25 03:30:13.500330,
PO-6320002,2,X,M,4362,1283,104.45,2024-03-19 08:22:51.224433,
PO-6320002,3,O,S,1441,600,544.38,2024-03-11 13:51:32.946465,
PO-2728959,1,C,M,3121,781,595.02,2023-09-20 11:02:55.145622,2023-09-21 13:57:39.905336
PO-2728959,2,X,M,9642,979,631.93,2023-09-06 04:25:51.449362,
PO-2728959,3,O,M,9847,1632,13.24,2023-09-01 09:55:14.649216,
PO-2728959,4,X,M,3275,118,763.58,2023-12-06 18:47:29.434695,
PO-7841293,1,C,M,3641,469,161.57,2023-11-13 03:05:28.497685,2023-12-11 05:23:38.190670
PO-7841293,2,O,M,7270,1557,155.21,2024-01-22 14:56:11.326194,
PO-7841293,3,O,S,8237,46,568.48,2023-12-22 13:51:27.414184,
PO-7841293,4,C,M,5978,1737,313.82,2024-01-06 17:05:56.771438,2024-02-03 13:15:10.344914
PO-2060217,1,C,S,7394,1025,31.78,2024-06-04 17:50:28.212843,2024-06-30 22:49:35.147731
PO-2060217,2,O,S,4615,816,304.37,2024-08-22 03:26:22.187369,
PO-2060217,3,X,S,8997,469,137.68,2024-09-08 02:08:58.130733,
PO-6502858,1,O,M,6426,772,184.12,2023-10-10 20:48:30.224788,
PO-6502858,2,X,S,7445,441,597.57,2023-09-22 20:29:31.130671,
PO-6502858,3,X,S,5630,1303,761.67,2023-09-03 00:36:48.765516,
PO-6502858,4,X,M,6148,1178,242.91,2023-12-13 00:58:28.078475,
PO-6379506,1,O,M,6385,416,700.41,2024-09-29 10:12:43.787413,
PO-6016747,1,O,S,3876,63,178.66,2023-10-22 10:12:57.476845,
PO-6016747,2,X,S,7851,744,38.56,2023-09-27 20:09:23.797821,
PO-6016747,3,O,M,4492,14,736.42,2023-10-14 01:54:50.397401,
PO-6016747,4,O,S,9804,1965,555.52,2023-11-07 18:59:56.549399,
PO-6252475,1,C,S,4928,1562,471.39,2024-10-02 14:39:15.974249,2024-10-09 09:53:26.991788
PO-6252475,2,O,S,9165,435,336.35,2024-09-18 19:45:22.666473,
PO-6252475,3,C,S,1424,1489,558.33,2024-09-26 18:10:51.756660,2024-10-17 21:13:47.863317
PO-6252475,4,O,S,5206,563,363.67,2024-09-28 04:18:32.302898,
PO-1767304,1,C,M,2277,92,694.47,2023-10-03 03:43:12.710938,2023-10-12 16:16:01.321635
PO-1767304,2,C,M,9956,472,547.87,2023-08-03 02:05:18.161358,2023-08-07 10:55:35.993824
PO-7147065,1,X,M,6476,1778,2.62,2025-01-18 14:15:43.000288,
PO-7147065,2,C,S,1751,1719,32.35,2025-01-29 11:07:10.737358,2025-02-28 06:19:14.961147
PO-7147065,3,C,M,6819,1653,586.49,2024-12-27 02:24:28.897495,2025-01-14 01:11:33.719838
PO-2232452,1,O,S,5707,1855,577.56,2024-03-16 00:58:40.271182,
PO-2232452,2,O,M,2286,454,630.43,2024-03-10 13:03:31.109190,
PO-2232452,3,X,M,8081,60,729.42,2024-02-24 23:12:15.995680,
PO-2232452,4,C,M,2670,1096,230.27,2024-02-22 06:44:21.967544,2024-03-02 09:39:25.103701
PO-0306226,1,C,S,9330,1286,673.59,2025-03-06 02:08:10.861324,2025-03-28 22:35:44.479810
PO-0306226,2,O,S,7505,82,400.34,2025-04-05 02:24:07.509242,
PO-4717201,1,X,S,4647,1390,623.93,2023-08-04 01:13:43.210343,
PO-4717201,2,O,M,3637,114,718.78,2023-08-02 09:07:44.956328,
PO-4717201,3,C,S,3039,1916,2.68,2023-07-07 23:11:04.133071,2023-07-31 04:42:06.318666
PO-4717201,4,C,M,7577,1009,331.07,2023-07-18 01:00:41.263597,2023-08-09 15:04:02.569254
PO-7696257,1,X,S,2350,599,508.35,2025-04-05 16:22:14.940647,
PO-7696257,2,X,M,1204,719,560.25,2025-05-19 10:45:23.068004,
PO-2108927,1,O,M,267,897,256.66,2023-12-19 12:38:43.396919,
PO-0837451,1,O,M,4880,584,78.69,2025-04-02 18:07:51.470538,
PO-0837451,2,O,S,1564,1546,193.52,2025-05-03 11:04:26.771721,
PO-0837451,3,O,S,8580,1511,43.59,2025-02-13 21:03:00.539455,
PO-0837451,4,C,S,8983,1331,364.88,2025-04-28 04:16:53.833803,2025-04-29 11:43:32.046151
PO-3228717,1,C,M,9339,1373,60.81,2025-04-02 10:33:54.801223,2025-05-01 01:14:48.842305
PO-3228717,2,X,M,7369,680,668.71,2025-04-05 13:42:18.330297,
PO-3228717,3,O,M,7589,152,96.2,2025-04-29 14:47:37.980360,
PO-0864993,1,O,M,400,676,503.15,2024-03-18 10:25:34.147498,
PO-6721379,1,C,S,9842,570,750.09,2024-05-20 07:43:44.171697,2024-06-07 14:54:05.999072
PO-1755127,1,O,S,8584,328,538.02,2024-11-06 08:12:03.419548,
PO-1755127,2,X,S,8903,485,560.09,2024-09-19 11:26:43.240267,
PO-3888609,1,O,M,8818,1696,739.37,2023-10-13 12:32:58.694980,
PO-3888609,2,X,M,7187,364,314.41,2023-10-24 06:19:26.563637,
PO-3888609,3,X,S,2487,1959,442.4,2023-10-28 02:37:57.886723,
PO-1932276,1,X,S,4604,1736,350.14,2024-04-04 16:35:34.529996,
PO-1932276,2,O,S,162,282,658.65,2024-01-05 11:30:40.029866,
PO-1932276,3,O,S,6775,1503,711.12,2024-03-30 04:21:01.350099,
PO-1932276,4,X,S,4878,380,425.36,2024-02-23 01:34:43.724101,
PO-8738827,1,X,M,7207,1419,388.6,2023-12-01 13:32:32.167850,
PO-8738827,2,C,S,6986,405,516.2,2023-12-11 02:57:23.107381,2024-01-08 22:33:24.519160
PO-8738827,3,O,M,3452,1620,628.75,2023-09-07 20:12:27.083743,
PO-2243721,1,X,M,9293,1393,439.11,2023-10-26 07:57:04.794307,
PO-2243721,2,O,S,1941,576,355.73,2023-10-11 19:46:14.925348,
PO-7964574,1,O,S,7013,36,603.12,2024-09-26 03:54:49.777336,
PO-7964574,2,X,S,8527,842,333.56,2024-09-24 00:06:42.424481,
PO-7964574,3,O,S,7609,600,309.65,2024-06-18 01:16:39.501839,
PO-8423775,1,X,M,5154,1257,340.04,2024-10-21 15:31:25.685015,
PO-4271493,1,X,M,5805,969,424.43,2025-07-08 04:47:22.527132,
PO-4271493,2,X,M,3613,615,11.76,2025-04-22 05:23:15.631214,
PO-0796134,1,C,S,2781,1252,406.45,2025-01-15 13:24:55.766349,2025-01-27 14:28:04.689687
PO-0796134,2,X,S,4641,978,331.14,2025-01-05 20:38:15.193352,
PO-4941528,1,X,M,6855,1352,145.6,2024-01-24 12:59:43.042030,
PO-9942283,1,O,M,3669,676,596.35,2023-06-22 07:45:49.564138,
PO-9942283,2,O,M,3233,1988,607.05,2023-05-22 05:11:54.513694,
PO-9942283,3,X,S,8103,297,792.75,2023-08-14 00:47:18.844546,
PO-9942283,4,C,M,7540,514,770.38,2023-06-14 22:01:52.407509,2023-06-21 04:55:34.393775
PO-5473752,1,O,S,6902,602,161.74,2024-09-12 22:03:45.012695,
PO-5473752,2,C,M,3502,1623,371.05,2024-10-31 15:35:12.643382,2024-11-23 20:06:14.752411
PO-5473752,3,O,S,4362,709,512.67,2024-11-03 00:55:12.809409,
PO-5473752,4,O,M,3220,936,777.64,2024-10-17 20:30:44.801521,
PO-4193699,1,X,M,4528,416,627.99,2024-04-11 18:50:23.116098,
PO-4193699,2,C,S,4323,1925,750.46,2024-06-12 02:08:16.239760,2024-06-24 00:28:36.136989
PO-9589225,1,C,S,7831,1331,342.12,2024-10-26 18:21:52.129655,2024-11-06 01:29:24.065179
PO-9589225,2,O,S,7152,1353,272.48,2024-11-28 18:45:56.657305,
PO-9616423,1,X,M,1413,1655,618.24,2024-08-20 06:09:42.747551,
PO-8570436,1,C,M,768,927,243.61,2024-10-25 15:53:01.225165,2024-11-16 08:32:52.335756
PO-8570436,2,X,M,1122,645,295.05,2024-11-04 13:08:20.175409,
PO-1301314,1,O,S,8891,31,477.65,2023-10-18 21:30:13.073807,
PO-1301314,2,C,M,1379,661,93.59,2023-10-23 20:01:15.435648,2023-10-29 04:15:15.243781
PO-1301314,3,X,S,7240,1921,141.59,2024-02-03 21:53:56.036035,
PO-1301314,4,X,S,1986,1031,599.28,2023-10-26 03:58:10.888076,
PO-2278549,1,C,S,9284,166,307.24,2025-01-24 21:16:30.419717,2025-02-11 04:25:31.681904
PO-2278549,2,X,S,6440,1834,39.1,2025-02-17 11:25:04.441783,
PO-2278549,3,X,S,7460,201,561.6,2025-05-17 09:02:53.106129,
PO-2278549,4,O,S,5772,170,616.18,2025-02-06 23:56:12.099360,
PO-0847455,1,C,M,482,1317,135.26,2023-08-24 02:58:59.950636,2023-09-14 10:47:47.596926
PO-0847455,2,C,S,7825,1437,380.75,2023-07-03 03:19:06.324866,2023-07-27 12:11:09.577183
PO-0847455,3,X,M,2385,1037,233.46,2023-05-14 20:10:31.930757,
PO-0847455,4,O,S,3169,1547,233.43,2023-07-12 11:44:53.445821,
PO-3264011,1,X,M,2390,79,502.89,2025-05-14 11:21:08.626760,
PO-3264011,2,O,M,2544,1942,249.55,2025-02-21 11:12:02.927076,
PO-3264011,3,O,M,4797,602,385.95,2025-03-06 22:21:55.833714,
PO-3264011,4,O,M,5677,1155,172.93,2025-02-05 22:02:00.417573,
PO-0464844,1,X,S,279,658,728.5,2024-03-29 08:28:21.463230,
PO-0426103,1,O,S,7191,1666,482.36,2023-09-10 22:54:39.058662,
PO-7388797,1,X,S,3142,267,585.89,2024-01-30 13:08:13.613423,
PO-7388797,2,C,S,8110,1101,207.22,2024-01-15 05:20:36.878272,2024-02-01 07:39:45.750260
PO-7388797,3,O,M,2584,763,688.64,2024-04-06 15:01:55.759794,
PO-7388797,4,C,S,1790,399,181.38,2024-02-20 12:02:51.543550,2024-02-23 11:16:35.299726
PO-9514575,1,C,S,7249,254,724.24,2024-09-04 12:07:13.061347,2024-09-23 06:34:22.019552
PO-3251383,1,O,S,9024,844,392.08,2024-08-11 19:39:54.090155,
PO-3251383,2,O,S,4017,1788,264.36,2024-09-19 01:32:40.391439,
PO-3251383,3,X,M,9077,1197,286.5,2024-10-26 02:57:20.435788,
PO-2532230,1,C,S,9328,201,404.28,2024-01-24 03:30:32.705687,2024-02-01 17:43:18.188344
PO-1206496,1,C,S,8060,117,569.5,2024-12-19 21:53:27.434978,2024-12-25 21:31:20.081289
PO-1206496,2,O,S,6107,1206,472.32,2025-02-22 13:16:24.382788,
PO-1206496,3,X,S,8632,1010,627.96,2025-02-27 12:59:45.831153,
PO-7041390,1,X,M,7447,503,330.18,2023-12-04 16:24:52.152483,
PO-7041390,2,X,M,2238,451,651.63,2023-12-07 03:56:55.423933,
PO-7041390,3,O,S,5730,962,280.52,2023-11-30 11:27:43.560347,
PO-7381800,1,X,M,1873,630,51.59,2024-03-02 19:43:49.614043,
PO-7381800,2,X,S,5623,861,603.57,2024-04-03 23:34:11.931149,
PO-2941834,1,O,M,5303,1714,619.6,2023-12-28 17:36:41.053963,
PO-2941834,2,X,M,6017,837,235.28,2023-11-19 01:08:21.618666,
PO-2941834,3,X,M,4937,1788,553.1,2023-12-17 23:59:07.082363,
PO-2433191,1,X,S,8408,1135,398.16,2024-02-04 23:32:36.193790,
PO-6793190,1,X,S,8273,907,269.33,2024-09-25 23:51:35.743962,
PO-6793190,2,C,S,8639,1370,779.22,2024-09-28 18:11:16.711757,2024-09-29 18:23:04.178936
PO-6793190,3,O,S,4332,1893,477.47,2024-10-16 05:39:44.754782,
PO-5859673,1,O,S,3577,1924,358.83,2024-09-28 05:43:03.976346,
PO-5859673,2,C,M,9747,1743,410.95,2024-07-07 21:11:20.704935,2024-08-02 20:38:57.235817
PO-5859673,3,C,M,2398,507,787.59,2024-10-04 19:36:20.199996,2024-10-29 10:39:43.028812
PO-5859673,4,O,S,2874,221,71.99,2024-08-02 03:31:59.577815,
PO-1293326,1,O,M,4185,1020,547.94,2024-12-30 09:41:44.645967,
PO-2797428,1,X,S,312,1199,106.82,2023-08-09 14:13:37.769617,
PO-2797428,2,X,M,1538,291,506.84,2023-07-25 04:50:30.122640,
PO-2797428,3,O,M,8335,428,179.85,2023-10-04 06:08:57.615366,
PO-2797428,4,X,M,3403,1297,94.62,2023-10-27 01:57:54.066660,
PO-5918151,1,O,S,6419,222,737.3,2024-12-14 13:07:01.140764,
PO-5918151,2,C,M,7903,896,376.04,2025-01-09 18:10:04.042560,2025-01-21 03:45:08.306970
PO-5918151,3,O,M,4460,1825,132.07,2024-12-22 04:32:22.129755,
PO-5918151,4,O,S,4033,59,773.45,2025-02-11 14:06:47.483940,
PO-4830288,1,X,S,6302,358,184.04,2025-03-06 10:35:38.827718,
PO-4830288,2,X,S,3487,1937,98.13,2024-12-30 13:23:11.305283,
PO-4830288,3,X,S,3892,1546,234.09,2025-01-09 11:37:37.427969,
PO-4830288,4,O,M,3818,769,777.42,2025-04-06 12:36:06.591929,
PO-5610697,1,O,S,2827,1276,111.22,2023-10-19 17:00:17.407645,
PO-5610697,2,O,S,3161,1409,432.86,2023-11-28 12:08:12.870816,
PO-1117878,1,O,S,5382,797,602.76,2023-07-29 07:52:01.066881,
PO-1117878,2,C,S,7462,298,129.47,2023-08-14 01:14:00.758558,2023-09-02 21:47:05.674427
PO-9884126,1,O,M,5222,1875,378.58,2024-09-17 10:28:31.795517,
PO-9884126,2,X,S,8167,1232,482.47,2024-08-28 14:13:25.163138,
PO-9884126,3,O,M,1535,125,595.87,2024-09-21 23:52:22.467804,
PO-9884126,4,X,S,7508,305,102.12,2024-07-31 18:49:28.661716,
PO-9129089,1,O,M,9107,781,216.64,2024-08-22 23:08:59.418533,
PO-9129089,2,X,M,2698,55,742.74,2024-10-29 22:36:54.556297,
PO-9129089,3,C,M,4043,476,97.9,2024-08-23 22:09:25.965538,2024-09-19 11:47:40.808763
PO-9955508,1,X,M,1170,215,762.75,2024-10-03 19:45:18.434054,
PO-9955508,2,C,M,6806,146,299.05,2024-12-17 13:39:46.340348,2025-01-13 21:38:28.845296
PO-9955508,3,C,S,586,1588,11.79,2024-12-22 14:34:11.618993,2025-01-04 12:08:52.501986
PO-8047119,1,O,S,2958,260,347.42,2023-08-29 07:56:41.969123,
PO-8047119,2,O,M,5113,1774,189.07,2023-09-26 22:21:52.728769,
PO-8047119,3,O,S,967,1900,267.06,2023-07-20 21:30:25.211113,
PO-6472216,1,C,S,839,1116,359.38,2025-01-15 21:16:28.298982,2025-01-26 11:08:12.476292
PO-6472216,2,X,M,3240,124,775.73,2024-12-21 11:44:27.408039,
PO-6472216,3,C,M,8496,519,403.97,2025-01-31 09:00:09.947943,2025-01-31 13:16:45.848174
PO-6472216,4,X,M,9095,399,549.81,2025-01-19 14:57:50.980325,
PO-0647803,1,O,M,7548,1192,523.95,2024-07-09 04:28:35.554549,
PO-0647803,2,C,S,8163,1265,345.61,2024-08-03 03:01:45.228952,2024-08-10 05:11:28.602319
PO-0647803,3,C,M,3715,1682,214.74,2024-07-03 17:08:02.315041,2024-07-21 12:33:11.977278
PO-0647803,4,O,M,9420,1785,277.36,2024-07-15 01:09:09.825855,
PO-5440306,1,X,M,2125,1372,799.86,2025-01-27 08:48:39.166345,
PO-5440306,2,X,S,8602,1751,452.0,2025-01-27 17:32:45.859705,
PO-0136225,1,C,S,8899,1088,689.7,2023-06-28 15:28:32.997247,2023-07-10 13:04:30.580552
PO-0136225,2,O,S,178,609,229.54,2023-08-03 05:42:18.402269,
PO-6576980,1,O,M,386,1317,110.36,2023-05-18 02:05:45.966056,
PO-6576980,2,X,S,8799,997,428.51,2023-07-14 00:28:44.644048,
PO-6576980,3,O,M,796,351,696.13,2023-07-28 10:14:22.408029,
PO-6576980,4,O,M,937,656,51.61,2023-06-20 16:01:15.676638,
PO-7861895,1,C,M,7226,1272,557.07,2024-03-21 17:45:32.563902,2024-04-14 06:23:26.234967
PO-7861895,2,C,S,7516,1117,116.32,2024-06-01 12:51:36.134521,2024-06-27 18:39:46.554479
PO-7861895,3,X,M,7323,1862,330.26,2024-06-12 07:26:04.729716,
PO-7861895,4,X,S,9508,71,530.12,2024-03-26 17:14:04.436208,
PO-6104225,1,O,S,9862,1537,182.62,2024-01-08 01:01:03.754405,
PO-6104225,2,X,S,5197,1348,322.87,2023-12-26 17:25:57.273818,
PO-6104225,3,C,S,7007,272,393.52,2024-04-07 15:30:33.435815,2024-04-27 22:33:35.033610
PO-6104225,4,C,M,3082,345,67.49,2024-02-03 03:13:32.932589,2024-02-18 19:25:20.136361
PO-8180908,1,X,M,251,1033,549.27,2025-04-25 12:15:08.572608,
PO-8180908,2,O,M,3217,441,264.2,2025-04-14 22:36:57.910276,
PO-8180908,3,O,M,2423,186,174.93,2025-05-21 07:22:17.189388,
PO-2528518,1,C,S,5456,168,207.18,2025-06-05 18:15:15.876446,2025-06-06 03:10:16.849756
PO-8088815,1,X,S,709,516,748.65,2023-10-05 02:13:03.046996,
PO-8088815,2,O,S,9420,704,26.58,2023-11-15 23:42:08.062717,
PO-8088815,3,C,S,5249,994,676.96,2023-11-16 13:21:53.755370,2023-12-12 11:40:08.097765
PO-1172139,1,O,M,9654,1075,231.43,2023-08-21 20:46:49.935538,
PO-1402063,1,O,M,1439,1016,761.7,2024-07-20 17:04:14.715593,
PO-1402063,2,O,S,5654,1244,422.09,2024-07-10 08:21:46.194625,
PO-8427088,1,C,S,3087,1482,420.09,2025-02-04 02:05:32.066856,2025-02-04 04:04:57.034940
PO-8427088,2,C,M,7266,1680,491.64,2025-04-23 15:34:33.162660,2025-05-16 06:56:49.657852
PO-8427088,3,X,M,7514,569,264.72,2025-03-04 15:57:51.422308,
PO-8427088,4,X,S,6126,103,382.89,2025-04-02 18:01:33.078414,
PO-8312190,1,O,M,5190,388,107.99,2024-05-28 02:34:17.089141,
PO-9036013,1,O,S,9159,1350,539.89,2024-11-11 03:00:08.834786,
PO-9036013,2,X,M,5029,1167,766.79,2024-10-05 18:21:58.514867,
PO-9036013,3,C,M,3125,298,45.46,2024-12-24 23:27:43.550785,2025-01-06 23:45:36.443880
PO-9036013,4,O,S,4702,1917,433.8,2025-01-15 03:30:36.707351,
PO-5479624,1,C,S,9965,1290,737.2,2024-04-11 09:42:05.960809,2024-04-25 07:45:43.480376
PO-5479624,2,X,M,4475,1255,651.87,2024-01-07 22:15:45.408709,
PO-5479624,3,O,M,3965,1174,581.73,2024-03-31 11:36:37.934370,
PO-5121560,1,C,S,3512,105,726.34,2024-09-14 17:22:33.902306,2024-09-25 03:43:02.564395
PO-5121560,2,C,M,1732,977,413.97,2024-10-30 12:28:33.894161,2024-11-23 18:33:30.983882
PO-5121560,3,O,S,1929,130,537.12,2024-10-27 14:15:27.763218,
PO-0469588,1,O,S,6957,31,470.54,2024-08-25 17:05:04.967108,
PO-0469588,2,X,M,6828,1660,476.45,2024-09-08 05:38:19.271633,
PO-9856696,1,X,M,4234,1739,494.96,2023-11-08 18:01:49.638308,
PO-9856696,2,C,S,6174,1006,148.44,2023-11-09 17:56:51.278829,2023-12-05 17:03:48.851727
PO-0646394,1,C,M,7194,97,162.76,2023-09-22 10:56:44.723241,2023-09-28 12:53:22.397066
PO-6259454,1,X,M,6991,508,623.42,2024-02-15 08:17:21.955819,
PO-7833758,1,X,M,1809,218,474.72,2024-04-05 15:20:20.593057,
PO-7833758,2,O,S,4522,284,476.9,2024-05-12 21:57:23.937924,
PO-7833758,3,C,S,2495,204,142.23,2024-06-22 14:50:08.678639,2024-06-26 05:29:12.612492
PO-5338625,1,X,M,1431,18,783.36,2024-08-04 18:16:40.002864,
PO-5338625,2,C,M,348,665,650.32,2024-05-31 01:28:45.154678,2024-06-06 11:07:47.629913
PO-7391088,1,C,M,3592,622,617.77,2024-03-04 16:16:43.225554,2024-03-19 13:30:58.770939
PO-7391088,2,O,M,6226,1346,394.09,2024-02-12 17:22:18.885858,
PO-5586057,1,C,M,5160,1802,643.79,2023-09-30 19:47:45.553540,2023-10-04 08:53:55.241777
PO-5586057,2,O,M,6184,302,608.94,2023-11-13 01:50:58.191993,
PO-5586057,3,C,S,622,1213,668.34,2023-09-29 23:49:55.997866,2023-10-16 16:06:41.591662
PO-4300503,1,O,S,2684,194,779.8,2025-01-29 17:13:15.918588,
PO-4300503,2,O,S,7680,1722,205.36,2024-11-14 09:34:18.558969,
PO-4300503,3,X,M,9317,1040,629.12,2024-12-02 12:19:10.026708,
PO-1768628,1,O,M,316,52,734.32,2024-09-28 20:32:09.350723,
PO-1768628,2,O,S,7103,32,265.26,2024-11-15 03:03:55.855571,
PO-1768628,3,C,S,6950,117,585.26,2024-12-19 04:01:11.833595,2025-01-01 20:04:01.879335
PO-1768628,4,O,M,1241,468,140.16,2024-12-01 01:44:40.178133,
PO-3122630,1,X,S,1994,1544,320.44,2024-02-13 06:22:23.362423,
PO-5971607,1,X,S,6160,1866,349.0,2024-05-28 16:51:35.117875,
PO-5971607,2,X,S,4108,1402,298.05,2024-02-12 08:02:03.596495,
PO-3617482,1,X,S,3500,1279,441.24,2024-02-26 09:09:09.879098,
PO-3617482,2,C,S,9405,380,158.19,2024-05-08 20:18:17.981114,2024-06-05 14:42:32.775284
PO-0118673,1,X,S,5349,729,384.9,2024-10-28 01:32:07.600908,
PO-4785646,1,C,S,8652,1297,278.9,2023-12-03 16:53:56.780950,2023-12-08 05:04:03.785429
PO-4785646,2,X,M,3717,1163,12.75,2023-09-17 03:19:35.111810,
PO-4785646,3,C,M,7931,1377,96.93,2023-08-26 22:46:35.126136,2023-08-27 00:10:37.344208
PO-4785646,4,O,S,61,720,568.27,2023-10-06 11:19:34.418921,
PO-7638246,1,C,M,4067,1394,195.35,2023-08-19 09:19:32.412975,2023-08-25 16:44:54.849836
PO-7638246,2,X,M,9758,1648,410.24,2023-11-30 13:48:00.921906,
PO-7638246,3,C,M,7772,853,613.81,2023-08-21 07:12:21.500781,2023-08-29 08:16:06.499976
PO-7638246,4,O,S,5025,464,569.12,2023-08-19 19:49:41.353659,
PO-7194616,1,O,S,8429,575,343.12,2024-10-12 02:10:37.803811,
PO-9002720,1,O,S,498,954,219.76,2025-04-17 14:15:10.357375,
PO-9002720,2,O,S,8749,1753,237.33,2025-07-02 11:47:56.006536,
PO-9002720,3,X,S,3473,1473,320.67,2025-05-14 04:14:44.502950,
PO-9288520,1,C,M,519,1271,232.3,2025-01-04 07:19:22.129471,2025-01-19 12:16:57.402518
PO-9288520,2,C,S,5121,99,681.64,2025-03-06 01:56:47.946357,2025-04-01 12:32:23.501987
PO-9288520,3,X,M,3776,1466,124.08,2025-02-15 13:46:26.750263,
PO-9288520,4,O,M,218,1219,428.03,2024-12-24 08:33:55.578909,
PO-5199342,1,C,M,3309,183,269.62,2024-02-12 05:58:49.341027,2024-03-04 08:59:42.387327
PO-5199342,2,X,M,7666,1989,182.61,2023-12-12 03:14:25.304321,
PO-2307118,1,X,M,8201,173,47.56,2023-10-11 16:52:49.149393,
PO-2307118,2,X,S,4760,1040,694.26,2023-11-15 12:34:22.588142,
PO-5035062,1,C,S,778,1225,182.66,2024-05-01 16:10:31.472926,2024-05-19 21:10:23.396914
PO-5035062,2,C,S,4917,1262,647.94,2024-05-31 05:06:07.751469,2024-06-18 10:09:39.097629
PO-5035062,3,O,M,490,943,411.26,2024-02-19 15:10:08.563011,
PO-5035062,4,O,S,445,1241,769.17,2024-03-30 11:02:16.493908,
PO-2790068,1,O,S,3104,662,671.65,2025-01-12 12:33:28.537788,
PO-2790068,2,O,M,7856,204,83.39,2025-03-09 03:45:33.353896,
PO-0917627,1,C,M,2658,1312,198.72,2023-12-28 05:53:24.981507,2024-01-06 09:53:25.108548
PO-8167503,1,X,S,1632,1668,72.49,2025-02-02 15:24:25.164960,
PO-8167503,2,X,S,3351,1256,132.5,2024-12-02 20:19:07.657134,
PO-8167503,3,O,S,3932,1019,695.65,2025-02-17 01:30:43.763509,
PO-6061616,1,C,M,3473,1008,760.24,2025-01-05 03:23:59.706206,2025-01-07 21:39:06.156048
PO-3413232,1,X,M,2379,55,736.02,2024-01-19 18:55:30.888978,
PO-5025412,1,O,M,8776,481,147.02,2024-07-05 02:33:20.571768,
PO-5025412,2,X,S,6446,831,757.59,2024-06-26 07:28:00.514848,
PO-5025412,3,O,M,9593,1783,668.29,2024-09-10 20:43:53.545738,
PO-5025412,4,C,S,3357,1190,35.26,2024-08-23 04:28:37.653004,2024-08-29 09:21:19.908003
PO-9491843,1,C,M,3806,190,359.38,2025-01-15 19:44:04.325485,2025-01-22 11:52:58.449979
PO-9491843,2,C,S,1000,109,145.83,2025-02-08 05:34:58.915691,2025-03-09 12:18:01.585090
PO-9491843,3,C,M,8034,1833,378.24,2024-11-13 21:51:16.902795,2024-12-08 10:42:34.800340
PO-8352562,1,O,S,9270,932,19.86,2024-03-28 06:15:09.417781,
PO-9360652,1,O,M,483,410,704.16,2025-02-08 11:05:01.773152,
PO-9360652,2,O,M,1671,1380,35.08,2024-11-04 18:39:48.239501,
PO-5083635,1,C,S,5473,1878,712.54,2024-11-20 07:44:12.867791,2024-11-20 08:01:51.011479
PO-5083635,2,X,M,9754,303,97.16,2024-11-24 21:37:01.914988,
PO-5083635,3,X,S,5052,250,276.29,2024-10-16 00:21:54.468033,
PO-6070668,1,X,M,651,556,127.21,2025-01-01 00:29:12.840325,
PO-7329063,1,X,M,3680,1088,287.82,2025-02-10 12:26:43.997403,
PO-7329063,2,C,S,9141,973,434.18,2025-01-26 20:20:45.870448,2025-02-09 07:09:23.453776
PO-7329063,3,C,M,2073,1950,309.71,2025-03-05 06:49:54.886099,2025-03-06 23:40:52.947660
PO-7329063,4,O,S,2146,1216,56.1,2025-02-19 21:41:39.331342,
PO-7185998,1,O,S,8816,764,278.27,2024-01-15 22:28:50.896950,
PO-7185998,2,C,S,8694,1747,635.25,2024-01-19 01:37:56.703767,2024-02-10 04:58:23.729633
PO-7185998,3,O,M,1072,712,738.26,2023-11-17 21:07:46.794174,
PO-7185998,4,C,S,7194,742,82.34,2023-12-03 22:08:56.453413,2023-12-13 10:45:34.219228
PO-3416659,1,X,M,783,1984,164.84,2023-05-03 19:21:51.297680,
PO-3416659,2,O,S,639,1823,519.25,2023-05-20 11:01:43.667733,
PO-3416659,3,X,S,1348,1694,243.45,2023-05-14 02:26:19.990522,
PO-1124516,1,C,M,3645,42,762.02,2024-06-09 21:15:33.144007,2024-06-28 02:48:35.144434
PO-1124516,2,X,S,1289,1459,779.74,2024-05-26 22:00:32.538888,
PO-1124516,3,O,M,9248,985,352.56,2024-06-07 21:13:35.078401,
PO-8537426,1,X,S,7689,974,476.02,2025-02-01 02:47:17.178106,
PO-8537426,2,O,S,5631,1640,406.33,2024-12-03 18:20:37.522793,
PO-8537426,3,X,M,5193,792,568.24,2024-11-15 19:48:45.925301,
PO-6703752,1,O,S,576,1523,116.08,2024-06-22 02:32:42.201983,
PO-2671652,1,X,M,3694,966,580.45,2023-11-27 09:06:23.117274,
PO-2671652,2,X,S,568,211,781.25,2023-12-13 11:05:11.184277,
PO-2671652,3,O,M,6228,31,328.15,2024-03-07 05:36:07.509187,
PO-0572077,1,X,S,3154,123,278.46,2024-06-17 20:58:58.550735,
PO-0572077,2,X,S,7463,1716,68.81,2024-06-06 05:29:57.041956,
PO-0572077,3,O,M,4953,1327,216.58,2024-06-16 18:36:12.042141,
PO-7184092,1,X,S,1786,1712,482.36,2025-02-19 10:27:30.691159,
PO-7184092,2,C,M,6311,786,141.54,2025-01-15 23:43:08.661300,2025-01-23 03:33:10.952074
PO-7184092,3,O,S,107,1470,523.77,2025-04-27 15:19:19.892557,
PO-7184092,4,O,S,3593,1853,436.4,2025-04-04 16:47:58.678377,
PO-6193493,1,C,M,9677,817,174.54,2023-07-12 19:39:45.190395,2023-07-18 19:35:58.000725
PO-6193493,2,X,S,8854,606,393.16,2023-08-23 12:51:21.549713,
PO-6193493,3,C,S,3952,932,337.72,2023-09-04 01:24:04.758356,2023-09-06 08:43:04.753736
PO-6193493,4,C,S,4572,176,574.62,2023-07-14 10:58:25.027359,2023-07-23 17:27:52.368039
PO-2710773,1,C,S,6183,760,598.81,2024-10-07 11:31:25.011397,2024-10-11 16:26:22.458327
PO-2710773,2,O,S,1852,807,297.64,2024-12-05 11:07:37.964456,
PO-2710773,3,O,S,92,208,73.78,2024-09-27 00:56:45.005789,
PO-2710773,4,O,M,8164,626,171.72,2025-01-10 15:50:41.567590,
PO-2057645,1,C,M,4950,1709,788.69,2023-06-26 21:38:32.210907,2023-07-06 22:34:41.653567
PO-2057645,2,X,M,9719,416,613.77,2023-06-15 22:37:35.130252,
PO-2057645,3,C,S,5356,1587,677.66,2023-06-21 12:21:39.811800,2023-07-18 14:20:27.124033
PO-2057645,4,O,M,7892,527,370.11,2023-06-10 07:13:56.225958,
PO-8967907,1,O,S,3993,1776,160.42,2024-02-28 04:33:36.059678,
PO-8967907,2,X,M,9636,1718,324.59,2024-03-10 07:02:32.655212,
PO-8967907,3,X,S,4544,1883,677.76,2024-02-12 07:17:55.838226,
PO-8967907,4,O,M,7505,1418,706.3,2024-02-27 04:23:24.802408,
PO-3720957,1,O,M,9451,1458,270.53,2025-01-02 07:36:28.471514,
PO-3720957,2,C,S,7319,1819,349.98,2025-01-06 08:04:51.834033,2025-01-30 06:34:27.609150
PO-3720957,3,O,S,2878,1955,717.15,2024-12-25 13:10:52.796314,
PO-1439814,1,O,S,3263,1448,122.69,2024-01-06 07:41:06.690689,
PO-5609898,1,X,S,6542,1873,161.23,2025-04-14 16:58:40.275350,
PO-5609898,2,O,M,2080,1102,40.95,2025-06-09 11:12:43.157716,
PO-8295721,1,X,S,6466,349,429.89,2025-05-28 18:21:34.635899,
PO-8295721,2,O,S,1908,796,208.81,2025-07-13 12:38:32.718775,
PO-8295721,3,O,S,1078,291,493.71,2025-03-31 09:21:37.149661,
PO-5362726,1,X,M,941,130,660.99,2024-11-22 14:48:50.914607,
PO-4876887,1,X,M,3546,953,117.29,2024-10-02 08:59:14.265946,
PO-4876887,2,C,S,7769,1125,781.37,2024-10-19 20:41:00.323175,2024-10-21 19:28:44.043820
PO-4876887,3,C,S,4077,1361,220.68,2024-11-06 01:04:25.735553,2024-12-02 17:48:03.177748
PO-4876887,4,O,M,7300,1747,435.22,2024-07-25 04:52:21.781277,
PO-9841218,1,C,M,884,969,312.6,2025-05-20 02:25:19.381217,2025-05-25 17:43:13.508919
PO-9841218,2,C,S,2035,250,307.11,2025-04-16 04:45:16.508483,2025-05-11 05:30:36.656683
PO-9841218,3,O,S,1308,451,274.96,2025-04-18 11:28:20.613239,
PO-1812555,1,X,S,7561,558,554.15,2025-01-02 08:57:31.269965,
PO-1812555,2,O,M,592,1110,697.62,2025-03-08 09:40:00.685479,
PO-3359170,1,C,M,2056,646,709.91,2023-11-07 12:02:45.000103,2023-11-24 21:17:34.590041
PO-3359170,2,C,S,6225,1395,277.03,2023-08-23 15:32:48.530832,2023-09-22 03:06:33.240213
PO-3359170,3,C,M,1965,1267,228.16,2023-09-17 10:59:03.793941,2023-09-18 16:31:37.903146
PO-6050499,1,X,S,225,70,708.42,2024-08-12 19:43:49.777758,
PO-6050499,2,X,M,3481,1243,452.75,2024-07-09 00:09:57.284768,
PO-6050499,3,O,M,3700,1876,463.4,2024-06-17 19:01:58.978776,
PO-9899635,1,C,S,7090,1478,745.24,2024-05-22 18:42:50.635217,2024-06-10 01:52:59.562386
PO-9899635,2,X,S,5733,1420,775.92,2024-05-10 12:29:37.941592,
PO-1109026,1,O,M,3843,635,412.23,2025-05-20 12:20:49.879602,
PO-1109026,2,O,M,5215,1913,708.15,2025-03-25 12:09:01.805652,
PO-1109026,3,X,S,3666,1688,648.2,2025-03-11 05:03:01.141904,
PO-1109026,4,C,M,9190,237,280.89,2025-02-26 09:08:04.198001,2025-03-15 22:40:43.825679
PO-2608018,1,C,S,8904,134,711.07,2024-09-09 16:53:50.028888,2024-10-07 16:36:37.630061
PO-2608018,2,X,S,3221,1571,632.32,2024-10-19 09:32:45.774750,
PO-2608018,3,C,S,4610,94,345.57,2024-09-06 17:27:23.724300,2024-09-16 12:27:31.867560
PO-9716864,1,C,S,606,1916,436.42,2024-07-26 09:34:04.061677,2024-08-02 05:34:19.902713
PO-9716864,2,X,M,1888,606,765.32,2024-09-02 15:11:09.506009,
PO-9716864,3,X,M,7984,57,182.41,2024-07-21 22:11:13.158793,
PO-0536961,1,X,S,3333,426,299.07,2025-01-27 06:29:42.943560,
PO-9108987,1,X,S,3693,637,570.95,2025-06-07 11:56:46.766067,
PO-9108987,2,C,M,6785,1830,616.33,2025-07-24 00:09:11.318662,2025-07-24 09:22:22.630942
PO-2864684,1,X,M,3898,534,731.47,2024-10-17 22:46:21.469315,
PO-4649419,1,O,S,2656,1536,665.35,2023-08-21 16:04:13.004416,
PO-4649419,2,X,M,3653,1478,413.14,2023-07-30 04:43:53.038106,
PO-4649419,3,C,S,9331,964,524.43,2023-07-10 23:03:39.769295,2023-07-14 20:48:57.750517
PO-7199814,1,C,S,9338,1948,29.58,2024-05-09 08:32:43.852793,2024-05-17 03:06:40.994578
PO-7199814,2,X,S,5194,342,535.63,2024-05-23 21:40:13.445853,
PO-8221243,1,C,M,9910,327,352.02,2023-08-10 09:41:46.037760,2023-08-24 22:18:23.602789
PO-6620544,1,X,M,9365,1991,104.23,2025-04-10 16:36:14.095333,
PO-6620544,2,O,M,3623,1701,236.91,2025-04-14 03:38:08.199961,
PO-6620544,3,C,M,2261,560,620.77,2025-05-09 09:38:57.744235,2025-05-22 00:24:49.660413
PO-9706836,1,O,M,5249,1715,757.1,2025-01-25 13:59:19.368734,
PO-9706836,2,C,S,6124,1322,582.07,2025-01-22 03:11:39.336589,2025-02-15 15:21:51.520962
PO-9706836,3,C,M,6812,1026,637.62,2024-12-24 12:09:53.503268,2025-01-21 04:25:39.013084
PO-5045271,1,X,M,7601,1085,662.28,2023-07-19 06:19:19.755970,
PO-2224455,1,C,S,7294,1012,257.88,2023-12-06 19:15:29.204338,2023-12-13 10:16:47.646240
PO-2224455,2,C,S,2297,292,143.09,2024-02-09 02:31:26.935377,2024-03-02 13:31:23.190814
PO-2224455,3,C,M,7626,807,251.33,2024-01-21 19:05:42.895299,2024-01-24 16:24:56.865210
PO-2224455,4,O,S,2076,222,740.46,2024-01-05 23:09:39.015993,
PO-9259269,1,X,S,9360,572,466.78,2023-11-05 05:26:07.738765,
PO-9259269,2,C,M,206,783,587.35,2024-01-06 19:39:37.668597,2024-02-01 07:01:04.076368
PO-4121176,1,X,M,2943,264,201.86,2023-09-04 03:35:26.775579,
PO-4121176,2,X,M,4577,186,623.28,2023-08-31 05:17:51.589922,
PO-4121176,3,C,S,7776,1957,260.66,2023-12-18 23:15:55.876655,2024-01-01 01:34:16.104926
PO-0401655,1,O,S,1353,1486,88.54,2025-04-04 10:35:05.853213,
PO-0401655,2,X,M,2114,1307,410.66,2025-06-28 15:57:16.810326,
PO-0401655,3,O,M,7122,211,543.34,2025-05-24 17:05:22.403838,
PO-3761712,1,C,S,2694,1408,465.88,2025-02-06 06:56:28.691733,2025-02-23 23:33:45.076473
PO-3761712,2,O,M,2197,1793,575.95,2024-12-16 05:10:45.837270,
PO-5223717,1,C,S,3820,616,632.56,2025-03-22 19:16:30.350145,2025-04-03 01:37:16.239991
PO-3986108,1,X,S,8080,1041,727.54,2024-11-28 17:13:04.342313,
PO-3986108,2,C,M,7523,317,550.58,2025-01-25 14:04:07.551135,2025-02-17 13:08:39.954671
PO-3986108,3,C,M,9601,1664,342.38,2024-12-21 23:15:47.409897,2024-12-29 08:27:48.129988
PO-5032710,1,X,M,2790,938,178.61,2025-03-17 11:41:07.142800,
PO-5032710,2,O,S,1634,1820,146.84,2025-02-10 02:26:53.111716,
PO-4784957,1,O,S,9735,1316,588.61,2025-01-08 22:13:42.494213,
PO-4784957,2,X,S,1374,16,211.45,2024-11-30 17:06:51.327022,
PO-5542123,1,O,S,9065,180,607.21,2024-03-11 22:27:47.132267,
PO-5542123,2,O,M,3173,692,339.68,2024-02-15 13:15:49.510207,
PO-5542123,3,O,S,4544,872,282.94,2024-03-16 09:16:56.699400,
PO-5542123,4,O,S,1512,504,337.06,2024-04-22 19:19:01.830011,
PO-1021436,1,X,S,6486,470,370.8,2024-11-30 06:44:55.729438,
PO-1021436,2,O,M,1094,1742,5.4,2025-03-04 02:48:17.718778,
PO-1021436,3,O,S,5910,1223,171.84,2025-01-06 05:35:06.616440,
PO-1021436,4,C,S,584,1046,363.51,2024-11-10 03:36:17.741851,2024-11-22 23:53:57.735745
PO-3002287,1,O,M,190,363,361.36,2025-02-07 09:53:17.982544,
PO-3002287,2,X,S,5915,1360,682.21,2025-03-17 08:34:07.516088,
PO-3002287,3,C,S,9744,438,218.0,2025-03-30 19:56:11.139275,2025-04-29 13:10:21.805307
PO-6385565,1,X,S,4955,1200,616.47,2024-06-15 10:56:19.146223,
PO-6385565,2,X,S,4604,1648,176.9,2024-05-21 23:23:26.486318,
PO-7881427,1,O,S,1365,1743,668.05,2023-10-06 10:41:37.323671,
PO-7881427,2,X,M,3110,2000,790.77,2023-12-05 03:04:06.722578,
PO-7881427,3,X,M,8399,1355,552.73,2023-11-08 00:35:21.375324,
PO-1878969,1,C,M,9037,736,319.42,2024-03-14 01:50:37.600656,2024-03-29 09:23:50.008956
PO-1878969,2,O,S,6726,1325,683.31,2024-03-05 07:07:07.334709,
PO-1878969,3,C,S,1270,1192,345.41,2024-05-22 05:12:54.482186,2024-06-02 15:37:23.003344
PO-8066360,1,C,M,3516,1971,94.01,2023-11-20 05:34:58.678860,2023-12-17 05:37:58.792789
PO-8066360,2,C,S,3492,604,16.02,2023-10-21 04:38:34.518832,2023-11-01 09:16:21.794195
PO-8066360,3,X,S,9076,418,612.73,2024-01-14 13:30:03.983263,
PO-9183387,1,X,S,7743,996,436.79,2025-02-23 11:38:59.628191,
PO-8300157,1,O,M,5308,573,135.07,2024-12-09 03:09:49.857929,
PO-2542805,1,C,M,4663,117,32.71,2024-12-10 23:48:12.009583,2025-01-02 18:19:15.215838
PO-2542805,2,X,S,4734,233,187.27,2025-01-20 19:44:10.407325,
PO-1378582,1,X,M,1622,1956,187.04,2024-01-03 12:11:45.168077,
PO-1541660,1,X,S,75,1232,478.03,2023-08-01 08:51:55.992379,
PO-0699477,1,X,S,9794,981,454.49,2023-06-10 09:29:51.099263,
PO-0699477,2,O,S,366,1676,39.64,2023-08-31 00:39:31.824889,
PO-5603804,1,C,S,5454,727,12.58,2025-04-27 06:53:53.327948,2025-05-17 18:12:45.390428
PO-3343844,1,O,S,500,224,619.33,2025-05-09 10:10:53.780225,
PO-3343844,2,O,S,8890,488,30.09,2025-05-11 19:54:06.251536,
PO-3343844,3,O,M,9361,875,253.19,2025-06-28 05:42:33.647092,
PO-3343844,4,C,M,2008,751,676.91,2025-03-16 12:11:54.957049,2025-04-03 21:48:15.592097
PO-3105178,1,C,S,7858,1948,254.79,2024-11-03 17:13:23.600463,2024-11-25 17:20:06.445356
PO-3105178,2,O,S,8141,1157,324.5,2024-12-21 13:23:09.395820,
PO-3105178,3,C,S,6236,1511,120.55,2024-11-04 05:38:57.336878,2024-12-02 19:10:02.007642
PO-2262691,1,O,S,1822,932,400.12,2024-03-09 10:24:37.935858,
PO-2262691,2,X,M,5695,348,638.08,2024-02-21 15:20:10.463065,
PO-2262691,3,C,S,6403,362,745.62,2024-03-25 23:11:28.634366,2024-03-26 22:08:15.392349
PO-7949844,1,C,M,4926,1718,745.59,2024-01-28 00:51:05.225641,2024-02-14 17:12:19.676399
PO-7949844,2,O,M,9597,50,125.14,2024-03-17 19:21:41.513617,
PO-7949844,3,X,S,2516,1874,203.78,2024-01-27 15:16:34.675907,
PO-7949844,4,O,S,2311,1562,210.39,2024-04-19 05:20:00.497406,
PO-3313815,1,X,S,7122,1949,551.47,2024-03-20 07:24:55.479071,
PO-3313815,2,O,M,3527,1592,604.36,2023-12-19 17:35:08.802489,
PO-7137054,1,X,M,8785,589,188.89,2025-05-30 21:42:29.800561,
PO-7137054,2,C,M,3564,529,474.62,2025-06-06 11:17:11.595572,2025-06-12 05:46:44.374931
PO-7137054,3,O,S,5389,1304,436.16,2025-03-01 07:59:20.594762,
PO-7137054,4,O,M,7422,1013,337.67,2025-03-05 17:25:35.160145,
PO-2565056,1,X,S,39,1598,661.3,2024-01-03 01:23:22.526216,
PO-5732445,1,C,M,5112,1914,347.24,2025-01-18 22:19:34.164182,2025-02-04 13:29:09.576499
PO-5732445,2,C,S,4797,1521,761.37,2024-12-10 01:52:36.310218,2024-12-27 15:34:33.812750
PO-0667976,1,C,S,9686,1224,267.78,2024-12-24 12:12:56.674492,2025-01-11 22:14:02.275577
PO-0667976,2,X,S,727,1383,450.41,2024-10-13 20:02:15.228316,
PO-0667976,3,X,M,6983,1390,308.35,2024-10-25 07:09:43.822385,
PO-8026607,1,C,S,182,668,51.85,2023-08-09 22:14:53.598448,2023-08-14 15:33:12.841311
PO-8026607,2,O,S,5622,539,744.16,2023-11-17 12:15:37.788817,
PO-5326759,1,O,M,1274,465,484.38,2023-11-30 13:50:38.969927,
PO-5326759,2,X,M,5192,1247,469.75,2023-10-04 23:48:29.101569,
PO-5326759,3,X,M,1490,1021,217.06,2023-12-19 20:05:43.634593,
PO-5326759,4,C,M,9099,325,541.21,2023-11-15 04:18:13.203632,2023-12-09 15:11:29.308983
PO-5065975,1,X,M,9229,1286,100.72,2023-09-15 09:57:56.225010,
PO-5065975,2,O,M,7162,1000,579.03,2023-08-29 04:40:56.610611,
PO-5065975,3,O,S,6555,1052,331.46,2023-11-23 06:58:51.411308,
PO-4907268,1,C,M,9924,1568,470.18,2025-05-15 01:20:15.654421,2025-06-02 12:39:03.336077
PO-4907268,2,O,S,2036,1388,86.48,2025-06-24 19:43:29.058539,
PO-4907268,3,O,S,5038,423,511.18,2025-07-13 23:38:52.981456,
PO-8714353,1,C,M,475,896,227.25,2025-02-01 02:39:01.632066,2025-02-03 13:21:27.011366
PO-8714353,2,C,S,404,1823,406.68,2025-04-19 12:53:55.737249,2025-05-11 08:41:36.378205
PO-8714353,3,X,S,9445,468,107.43,2025-02-05 06:14:41.132290,
PO-8714353,4,X,M,1040,515,452.89,2025-02-27 13:47:37.956687,
PO-1144439,1,O,S,2468,280,525.44,2024-05-07 09:02:04.736395,
PO-1144439,2,X,S,1957,465,9.35,2024-07-22 12:06:24.825583,
PO-1144439,3,O,M,2526,1673,302.99,2024-06-08 19:16:34.979685,
PO-3919983,1,O,M,8396,1495,255.72,2024-11-20 17:27:47.802801,
PO-3919983,2,X,M,7914,1758,750.98,2024-10-04 06:20:22.647503,
PO-8474695,1,O,M,2585,1676,397.29,2024-01-01 21:39:36.963438,
PO-8474695,2,O,M,502,555,460.89,2024-01-09 09:22:36.215209,
PO-7475628,1,C,M,4556,1649,484.4,2024-12-08 11:41:44.895180,2024-12-15 13:24:21.807567
PO-7475628,2,O,S,435,1587,606.78,2024-11-01 06:33:13.199883,
PO-7475628,3,C,M,7366,1392,140.14,2024-10-15 06:38:32.501749,2024-11-07 14:57:17.502669
PO-2258747,1,C,M,9565,741,60.46,2025-04-27 06:22:59.956145,2025-05-08 00:58:32.621326
PO-2258747,2,X,S,6969,558,705.98,2025-05-09 13:52:40.510338,
PO-2258747,3,O,S,816,316,132.94,2025-04-11 16:21:07.122540,
PO-8820153,1,C,S,9148,315,200.3,2025-05-30 13:50:12.235707,2025-06-07 07:40:56.179785
PO-2783263,1,X,M,1363,408,423.24,2024-02-22 05:50:40.721616,
PO-2783263,2,C,M,5962,1045,74.62,2024-04-09 07:30:22.118753,2024-04-26 12:22:04.708333
PO-3955398,1,C,S,9667,1044,477.54,2024-09-19 13:01:49.290705,2024-09-29 15:18:29.558228
PO-3955398,2,O,S,2043,130,40.56,2024-10-02 01:08:41.897689,
PO-3955398,3,C,S,2716,713,16.48,2024-10-04 03:50:31.448922,2024-10-12 06:47:53.309300
PO-3955398,4,X,M,2812,1803,629.57,2024-09-17 21:58:15.579236,
PO-2566229,1,C,S,9726,417,548.22,2024-01-15 03:19:06.303029,2024-02-04 20:47:50.253046
PO-7110678,1,X,S,9211,1468,356.37,2024-07-16 08:05:26.193355,
PO-8903978,1,X,M,6185,782,93.01,2024-06-21 21:34:17.726578,
PO-8903978,2,O,M,4321,1477,683.41,2024-06-21 16:58:37.521313,
PO-8903978,3,O,M,6317,833,640.8,2024-05-25 05:43:50.299046,
PO-8903978,4,O,M,6657,1893,686.24,2024-05-20 20:56:04.260918,
PO-9838269,1,X,S,1979,850,770.07,2023-07-27 16:43:36.244985,
PO-9838269,2,O,M,5579,447,370.45,2023-11-07 03:00:55.244386,
PO-9838269,3,X,M,2008,1883,612.91,2023-10-01 10:40:14.059407,
PO-2933343,1,C,M,2146,1959,636.46,2024-05-04 02:29:26.114541,2024-05-29 12:14:27.444526
PO-2933343,2,C,S,7958,721,350.0,2024-08-09 15:44:35.297178,2024-09-02 04:40:57.376831
PO-5682425,1,C,M,445,1684,614.12,2025-04-07 01:12:15.977859,2025-04-15 18:33:44.230049
PO-5682425,2,O,M,2646,821,657.98,2025-05-15 05:22:13.944656,
PO-3515681,1,C,M,8369,476,275.09,2023-09-05 03:27:37.269638,2023-09-22 19:46:08.943799
PO-6475675,1,C,S,1450,1735,370.66,2024-07-28 06:28:23.300537,2024-08-20 18:02:32.358051
PO-6475675,2,X,S,1945,1783,748.18,2024-09-24 04:57:18.755367,
PO-6475675,3,C,S,1886,397,137.29,2024-09-28 13:35:31.404407,2024-09-28 17:14:48.912317
PO-0303422,1,O,M,9852,1884,238.42,2024-11-02 01:54:28.344626,
PO-0303422,2,C,S,2194,555,354.34,2024-10-17 09:19:14.097460,2024-11-11 00:02:38.868493
PO-7295341,1,X,S,6839,1127,332.54,2025-04-21 18:28:55.061985,
PO-5556957,1,X,S,2529,358,96.68,2025-05-28 00:46:52.085511,
PO-5556957,2,X,S,8099,177,477.79,2025-03-26 23:32:59.135569,
PO-5556957,3,X,S,8322,342,667.75,2025-03-08 21:31:23.996075,
PO-3969119,1,C,M,4816,186,544.01,2023-10-16 04:07:43.411928,2023-10-27 10:12:03.510183
PO-0694942,1,X,S,2123,578,706.24,2025-05-08 17:55:21.866406,
PO-4268412,1,C,M,8025,362,756.34,2023-12-28 16:37:11.502197,2024-01-09 12:26:38.231364
PO-0737032,1,C,M,3681,1126,186.68,2024-12-02 16:21:12.574055,2024-12-20 19:55:16.022132
PO-6810520,1,C,M,7845,895,349.9,2024-10-26 06:36:28.204900,2024-10-29 07:09:33.202821
PO-6810520,2,O,S,8760,914,486.27,2025-01-11 01:21:33.202021,
PO-6810520,3,X,M,8316,1042,5.67,2024-12-13 07:04:23.895137,
PO-4027563,1,C,S,5516,1557,753.84,2024-01-08 00:32:07.293364,2024-01-17 16:39:06.061678
PO-4027563,2,C,S,1074,1955,782.05,2023-11-16 12:05:57.328658,2023-11-30 19:21:38.211477
PO-4562730,1,C,S,40,1205,192.97,2025-01-27 23:14:55.735651,2025-02-24 08:44:56.370752
PO-4562730,2,X,M,9958,1885,320.14,2025-02-25 13:43:21.503771,
PO-9864516,1,X,M,114,665,451.75,2024-05-03 10:19:54.833680,
PO-9864516,2,O,M,5725,1756,149.89,2024-05-12 08:47:04.037540,
PO-3476563,1,O,S,1340,551,751.2,2024-07-06 14:31:56.417484,
PO-3284713,1,C,S,6444,466,230.85,2023-08-15 10:33:33.018124,2023-09-13 19:43:58.870727
PO-7055241,1,C,M,1250,1380,261.19,2025-01-08 03:54:08.417184,2025-02-03 03:08:34.362149
PO-7055241,2,O,M,6576,1477,628.18,2024-10-31 12:52:31.332280,
PO-7055241,3,C,S,4732,1678,316.48,2025-01-01 18:39:44.223449,2025-01-21 00:40:02.610248
PO-8888566,1,O,S,6934,50,512.3,2024-07-09 01:29:52.223814,
PO-8888566,2,O,S,3433,114,732.81,2024-07-22 19:07:07.929106,
PO-4151501,1,C,M,4069,38,350.49,2024-02-28 20:19:17.660209,2024-03-23 15:35:03.193618
PO-4151501,2,C,M,9417,1999,506.02,2024-01-11 09:21:53.770152,2024-02-08 18:50:06.452651
PO-4151501,3,C,M,6190,1993,398.83,2024-02-05 01:30:02.118734,2024-02-05 05:35:46.743810
PO-4151501,4,C,M,9664,1542,607.92,2024-03-04 04:06:27.311658,2024-03-19 19:54:48.132382
PO-8282407,1,C,M,8108,1137,126.56,2024-09-19 13:13:02.957132,2024-10-07 23:42:17.002173
PO-8282407,2,C,M,4159,856,514.1,2024-10-02 07:18:47.519672,2024-10-16 19:04:48.875673
PO-8282407,3,C,S,2765,1997,566.66,2024-09-12 07:40:51.618346,2024-09-20 22:04:44.512956
PO-8993715,1,C,M,4293,308,143.75,2025-04-09 00:07:20.254152,2025-04-20 04:57:23.130107
PO-8993715,2,C,M,4973,1060,51.79,2025-03-18 17:01:14.490676,2025-04-11 03:32:07.842527
PO-8993715,3,C,S,1761,543,136.9,2025-04-28 17:18:09.806775,2025-05-23 09:32:47.737321
PO-8993715,4,C,M,3439,1213,138.29,2025-03-07 22:12:51.060077,2025-04-06 14:15:31.850006
PO-7257797,1,O,M,4714,1410,166.56,2024-09-03 00:26:35.386444,
PO-7257797,2,X,S,3023,1038,613.67,2024-10-06 20:56:28.976654,
PO-7257797,3,C,S,2194,1885,100.92,2024-11-07 15:42:42.966968,2024-12-05 18:32:37.756624
PO-0963634,1,C,S,7605,398,170.48,2024-05-10 03:46:07.146595,2024-05-25 22:43:11.471547
PO-0963634,2,O,M,35,1014,414.81,2024-07-14 17:39:01.319422,
PO-0963634,3,O,M,4060,14,64.19,2024-04-15 23:50:06.297921,
PO-9447460,1,O,M,7399,401,30.72,2024-08-19 17:15:31.455679,
PO-9447460,2,X,S,692,1928,703.32,2024-09-18 23:37:39.028703,
PO-9447460,3,O,M,3148,1150,724.07,2024-09-22 01:57:57.518469,
PO-7266281,1,X,S,7089,561,295.77,2024-08-12 03:07:30.653615,
PO-7266281,2,C,M,9018,540,189.04,2024-09-21 20:22:18.530773,2024-09-28 04:33:59.821633
PO-7266281,3,O,S,4107,1510,254.43,2024-10-12 09:44:48.730245,
PO-7266281,4,X,M,5198,1686,652.19,2024-10-16 20:24:08.056839,
PO-1771182,1,C,M,4783,437,685.83,2024-07-01 22:23:02.456445,2024-07-07 16:50:25.744018
PO-1771182,2,X,M,5303,77,181.36,2024-07-17 01:05:35.675905,
PO-8586638,1,C,S,6028,1594,562.7,2023-11-10 10:42:40.664357,2023-11-29 14:30:50.878836
PO-8586638,2,X,M,7423,168,421.15,2023-11-24 19:25:49.838131,
PO-8586638,3,O,S,952,1237,318.3,2024-01-07 02:11:26.201266,
PO-9651731,1,C,M,294,317,117.27,2023-12-10 15:13:27.895199,2023-12-30 14:07:49.495210
PO-9651731,2,O,M,8046,1727,556.83,2023-11-22 06:56:39.874005,
PO-9651731,3,O,S,8644,1695,545.33,2023-10-19 17:23:07.838211,
PO-3316015,1,O,S,1126,48,416.6,2023-07-11 02:33:19.397619,
PO-3316015,2,O,S,8384,1811,567.58,2023-06-13 06:43:05.242794,
PO-3316015,3,C,M,7057,968,736.18,2023-07-07 13:32:30.972804,2023-08-03 23:21:17.845085
PO-3316015,4,O,M,175,632,240.76,2023-07-30 05:21:03.799163,
PO-5605702,1,O,S,7261,1170,377.66,2023-11-28 02:27:19.136792,
PO-4071012,1,C,S,2707,1227,12.78,2024-11-10 00:44:02.742301,2024-11-30 11:57:42.216624
PO-4071012,2,O,M,2069,1888,393.51,2024-11-08 15:10:05.650868,
PO-4071012,3,X,S,1482,1724,171.74,2024-11-29 00:32:07.697573,
PO-6754269,1,C,S,801,202,124.08,2024-05-10 13:24:25.001960,2024-05-30 15:07:18.989688
PO-6579738,1,C,S,8912,1257,1.09,2024-11-27 16:58:23.863122,2024-12-04 04:12:01.151723
PO-6579738,2,O,M,3036,5,553.05,2024-10-19 13:08:39.115892,
PO-6579738,3,O,M,1204,1736,477.37,2024-09-05 15:17:17.910360,
PO-6579738,4,O,S,26,1422,306.14,2024-12-03 03:46:03.305161,
PO-0155247,1,X,M,7860,124,434.22,2023-06-14 01:29:06.904294,
PO-0155247,2,C,M,8860,1117,272.67,2023-09-17 10:42:58.928999,2023-09-26 12:59:18.779898
PO-3161595,1,O,M,4866,359,757.51,2023-05-24 12:27:10.222708,
PO-3161595,2,O,S,7415,1468,109.92,2023-05-05 22:03:40.223651,
PO-6157840,1,X,M,1736,651,218.97,2025-06-28 13:43:28.862567,
PO-6157840,2,O,M,9937,1476,606.77,2025-05-26 15:33:13.093446,
PO-5524037,1,X,S,2652,446,433.66,2023-05-22 12:47:13.120175,
PO-5524037,2,O,M,2966,609,138.09,2023-07-28 12:55:16.420387,
PO-5706228,1,O,M,447,1750,119.92,2023-09-20 07:12:30.994843,
PO-1274586,1,X,M,5018,923,654.29,2023-08-17 07:22:44.443242,
PO-1274586,2,X,S,1373,1151,399.94,2023-06-17 23:13:37.487832,
PO-1274586,3,O,M,6562,1777,352.51,2023-06-01 10:02:11.024194,
PO-1274586,4,O,M,2666,605,12.44,2023-07-09 16:19:20.512979,
PO-9794170,1,C,S,4719,1997,128.66,2023-10-29 16:29:19.508433,2023-11-08 10:06:02.522842
PO-2580525,1,X,S,8463,1496,245.56,2024-10-21 00:48:38.314355,
PO-2580525,2,O,S,3969,443,216.55,2024-09-23 07:44:28.382108,
PO-2580525,3,C,S,2907,162,221.89,2024-08-13 20:39:56.898449,2024-09-06 12:04:29.768696
PO-2580525,4,O,M,9948,1250,59.28,2024-11-08 13:45:18.246089,
PO-8425380,1,O,M,4857,446,271.79,2023-07-23 16:02:12.737243,
PO-4901336,1,X,S,2320,404,724.37,2024-02-24 15:11:43.866119,
PO-4901336,2,X,S,5995,840,300.44,2024-02-18 06:54:30.822572,
PO-9719592,1,X,S,9996,1277,489.9,2025-03-07 17:37:09.815467,
PO-0814456,1,X,M,9082,1448,88.37,2024-11-30 16:52:26.190606,
PO-0814456,2,X,M,999,807,395.73,2024-12-04 09:28:18.267633,
PO-0814456,3,X,M,7431,901,440.57,2025-01-08 16:28:49.270774,
PO-0814456,4,C,S,1035,1854,44.11,2024-11-01 20:19:45.457597,2024-11-08 16:01:19.374100
PO-6050619,1,X,M,626,1338,326.07,2023-10-14 05:48:29.997036,
PO-7801268,1,C,S,9056,788,561.96,2025-02-24 11:03:13.188715,2025-02-28 02:24:16.063972
PO-7801268,2,X,M,7686,488,572.44,2025-01-12 06:28:09.429482,
PO-6731357,1,C,M,6548,1678,20.46,2023-06-03 06:39:00.938076,2023-06-27 08:52:58.299790
PO-0188886,1,X,M,6614,1627,190.78,2025-08-09 01:16:33.465492,
PO-0188886,2,O,S,3479,138,474.59,2025-05-14 11:49:32.457196,
PO-4570351,1,O,M,4809,267,777.83,2024-11-29 13:26:13.943154,
PO-1186006,1,O,S,8308,689,632.65,2024-09-22 09:17:56.663435,
PO-1186006,2,C,S,161,1327,387.16,2024-11-03 02:27:49.781352,2024-11-29 08:52:34.014806
PO-7623224,1,X,S,4265,1729,105.77,2024-09-12 15:59:07.438862,
PO-7623224,2,O,S,2125,355,745.11,2024-09-27 16:34:27.846216,
PO-7623224,3,X,S,1578,1246,104.54,2024-09-15 21:35:19.006269,
PO-6296576,1,O,M,6576,1431,663.05,2023-10-25 05:57:05.605494,
PO-2042792,1,X,S,8490,1722,502.64,2024-11-12 12:28:12.534688,
PO-2042792,2,C,S,6468,1854,777.78,2025-01-24 14:45:03.637091,2025-02-22 21:22:12.072501
PO-2042792,3,O,M,6429,1551,179.42,2025-02-24 01:46:36.006760,
PO-9842625,1,X,M,6799,1838,358.1,2024-10-14 13:12:48.027381,
PO-9842625,2,X,M,8761,1103,490.93,2025-01-31 08:39:03.010680,
PO-9842625,3,C,M,9644,584,147.34,2025-01-02 01:13:52.343960,2025-01-13 16:30:16.594008
PO-9842625,4,X,M,6377,1370,704.43,2025-01-09 16:00:54.551196,
PO-6285424,1,O,S,3261,1553,642.47,2023-09-28 23:21:51.925078,
PO-6285424,2,O,S,6732,180,794.5,2023-08-19 11:29:09.703870,
PO-1741517,1,O,S,7758,1551,351.23,2025-02-26 02:21:23.058754,
PO-1741517,2,X,M,6107,519,420.75,2025-04-06 04:41:06.260909,
PO-5703508,1,O,M,7658,332,256.35,2024-11-16 10:38:32.765691,
PO-8232065,1,X,M,4903,916,93.42,2024-10-22 15:01:44.506015,
PO-8232065,2,X,S,7376,1578,777.05,2025-01-03 16:43:55.738290,
PO-8232065,3,O,M,1662,916,0.15,2024-12-23 16:35:35.608652,
PO-8651551,1,C,M,9191,1580,519.06,2024-06-16 15:34:47.747640,2024-06-17 16:04:21.359412
PO-8651551,2,C,S,6071,855,527.62,2024-05-08 20:52:04.456489,2024-06-04 13:33:05.208429
PO-4907454,1,O,S,9040,321,608.74,2024-01-22 01:47:58.864903,
PO-4907454,2,O,M,3484,1997,401.13,2024-03-21 22:13:30.073666,
PO-4907454,3,X,M,8264,1814,486.54,2024-01-08 21:09:09.794414,
PO-9710168,1,C,M,7664,1086,61.37,2024-03-09 16:36:57.739620,2024-03-20 00:57:55.056905
PO-9710168,2,C,M,2881,255,791.27,2024-04-06 18:22:02.546114,2024-04-15 15:27:50.991534
PO-9710168,3,O,S,8570,1809,67.95,2024-03-13 21:45:29.612541,
PO-9710168,4,O,S,2050,1206,413.71,2024-05-13 06:03:04.783663,
PO-7704945,1,C,M,6065,758,21.02,2025-06-02 16:58:37.929173,2025-06-19 06:47:06.868249
PO-7704945,2,X,M,7619,121,729.62,2025-03-30 03:14:19.716086,
PO-4015824,1,C,M,2662,938,245.58,2023-12-24 10:15:34.772085,2024-01-05 17:43:37.979137
PO-4015824,2,X,S,4081,1686,168.11,2024-02-21 20:18:29.885104,
PO-7776805,1,C,S,3640,818,632.81,2023-08-03 03:27:11.879421,2023-08-19 16:58:33.679572
PO-7776805,2,X,S,2197,898,622.06,2023-07-17 02:20:38.262585,
PO-7776805,3,C,M,7944,1079,556.0,2023-09-07 07:50:32.360150,2023-09-21 02:39:01.647030
PO-9236400,1,C,S,1104,935,55.46,2024-03-23 21:41:30.734455,2024-03-28 23:06:23.972774
PO-9236400,2,X,S,953,1312,368.77,2024-05-18 09:17:59.850606,
PO-1067154,1,O,M,6470,383,787.99,2023-09-27 00:01:25.245016,
PO-1067154,2,X,S,2183,891,649.53,2023-12-09 11:39:05.465200,
PO-1067154,3,C,S,1378,966,136.59,2023-12-17 04:42:19.111308,2024-01-10 10:11:15.875567
PO-1067154,4,X,M,8443,1173,443.83,2023-09-20 06:44:17.742150,
PO-1880940,1,O,S,5742,388,543.43,2023-11-23 19:25:54.819427,
PO-0940859,1,O,M,532,1346,541.22,2024-04-12 21:12:42.154273,
PO-0940859,2,X,M,1127,896,117.56,2024-06-18 00:37:57.104620,
PO-0940859,3,X,S,935,834,509.65,2024-04-25 21:44:10.469867,
PO-0940859,4,X,M,4261,1841,666.63,2024-05-28 13:05:13.271942,
PO-0832671,1,C,M,4514,43,692.36,2024-10-27 12:03:25.761536,2024-11-23 06:41:26.794060
PO-0832671,2,O,S,3021,720,125.58,2024-10-23 18:18:59.649548,
PO-0832671,3,O,M,6273,1189,168.31,2024-11-28 02:37:23.675245,
PO-8360942,1,O,M,9525,1845,757.44,2024-09-19 08:15:10.854154,
PO-8360942,2,X,S,2506,1654,703.73,2024-11-08 02:01:03.098646,
PO-8360942,3,C,S,6054,43,414.76,2024-10-15 16:25:17.130742,2024-10-20 19:49:21.609435
PO-8360942,4,C,M,431,25,643.98,2024-11-27 07:31:03.398140,2024-12-02 17:17:42.622125
PO-1067382,1,X,M,1034,1068,16.1,2023-09-23 18:13:36.053850,
PO-8588155,1,C,M,5992,1019,293.21,2024-06-14 10:41:12.199974,2024-07-12 05:08:16.216456
PO-8588155,2,C,M,3340,1596,478.86,2024-07-09 05:11:20.580292,2024-07-23 14:46:33.716985
PO-1044675,1,O,M,6014,715,465.27,2025-03-11 18:05:59.802949,
PO-1044675,2,C,S,6947,1900,621.84,2025-01-17 01:20:38.560759,2025-01-28 19:53:03.332150
PO-1044675,3,O,S,6525,247,741.38,2025-02-24 10:44:36.156609,
PO-3485726,1,O,S,4051,1107,610.87,2025-03-14 03:36:01.740738,
PO-9476146,1,C,S,4662,906,628.98,2024-11-08 14:43:13.138301,2024-11-27 06:15:28.769444
PO-9476146,2,X,M,5134,1560,227.3,2024-10-31 19:55:56.146308,
PO-3135803,1,O,S,6762,130,44.4,2024-07-03 07:51:06.606457,
PO-6560328,1,O,S,9583,567,160.2,2023-07-08 04:15:39.564051,
PO-1728681,1,C,M,4199,73,529.91,2025-02-27 23:58:12.071710,2025-03-19 06:18:00.877561
PO-1728681,2,O,M,2527,1389,77.08,2025-03-11 15:46:35.191121,
PO-7402340,1,O,M,461,1203,727.52,2024-05-30 23:59:59.634139,
PO-7402340,2,C,M,4815,1686,213.55,2024-08-17 14:02:42.359683,2024-08-21 08:26:36.414189
PO-7402340,3,C,M,8396,464,33.23,2024-08-08 02:17:22.065167,2024-08-09 15:52:57.360398
PO-7402340,4,X,S,8150,108,231.38,2024-08-04 19:09:38.551714,
PO-5951452,1,C,M,2181,1044,710.08,2025-04-02 04:45:43.915056,2025-04-17 13:12:07.757431
PO-2143076,1,X,S,1819,1002,446.78,2023-10-30 03:53:34.177707,
PO-2143076,2,C,S,6270,1318,777.45,2023-11-09 07:03:38.432074,2023-11-28 15:20:57.135152
PO-2143076,3,O,M,5614,308,520.95,2023-10-18 07:44:08.739282,
PO-6406935,1,X,M,3799,985,234.65,2025-03-08 12:04:14.190502,
PO-6406935,2,O,M,2692,1514,106.52,2025-04-24 14:27:07.863110,
PO-2861610,1,X,M,9364,450,99.16,2023-10-18 00:05:13.060498,
PO-2861610,2,C,M,8039,1366,719.1,2023-10-31 11:58:54.560812,2023-11-08 22:10:18.687650
PO-2861610,3,C,M,8481,821,754.4,2023-08-18 17:50:19.371208,2023-09-04 08:10:41.410828
PO-2861610,4,C,S,3322,771,719.78,2023-10-08 10:31:36.786685,2023-10-15 16:43:57.742735
PO-1776190,1,O,S,6693,595,454.81,2024-02-25 16:00:17.932024,
PO-1120831,1,O,S,2851,1994,337.74,2023-09-17 00:04:06.234866,
PO-9306272,1,X,S,2031,368,158.87,2025-02-24 09:22:44.828470,
PO-9306272,2,C,S,5897,1509,539.18,2025-04-07 15:09:57.430568,2025-05-02 18:32:46.585618
PO-9306272,3,O,S,2800,570,451.92,2025-02-19 11:02:34.809236,
PO-9306272,4,C,M,3587,1095,294.36,2025-03-07 18:42:19.662086,2025-03-10 09:02:45.624376
PO-0046662,1,X,M,390,1442,10.06,2024-01-01 16:52:01.634312,
PO-0046662,2,X,S,5838,274,781.11,2024-02-14 23:13:15.625400,
PO-0046662,3,C,M,2322,1915,572.68,2024-03-02 14:39:47.358929,2024-03-11 05:40:05.137557
PO-3377805,1,X,S,6057,1240,514.95,2024-01-20 19:28:29.435079,
PO-3377805,2,X,M,5510,1441,686.23,2023-12-16 14:16:46.840035,
PO-3377805,3,X,M,8778,1375,263.28,2024-01-27 10:21:35.672576,
PO-8822948,1,C,M,5362,613,570.89,2023-10-21 18:41:10.458876,2023-10-21 23:20:49.026213
PO-4971380,1,O,M,4575,866,368.58,2025-03-31 18:53:49.522155,
PO-4971380,2,O,S,2862,1370,526.78,2025-05-04 14:18:11.386537,
PO-4971380,3,C,M,9642,1014,201.93,2025-04-07 10:32:19.790823,2025-04-25 23:35:14.404413
PO-2593644,1,X,S,3627,693,396.08,2024-09-30 18:05:23.731582,
PO-2593644,2,O,M,8144,1193,383.28,2024-12-29 07:31:43.873577,
PO-5487128,1,O,M,4326,238,523.86,2023-10-11 20:55:11.169172,
PO-5487128,2,O,M,5662,225,667.78,2023-11-07 07:59:31.270938,
PO-1326364,1,O,M,9241,115,93.41,2024-01-05 03:51:47.041224,
PO-1326364,2,O,M,6774,644,748.66,2024-01-12 16:37:41.459592,
PO-9011660,1,C,M,6611,1849,536.74,2023-08-21 15:32:42.165621,2023-09-11 17:34:21.751454
PO-9011660,2,C,M,4416,661,237.09,2023-08-20 10:18:47.286564,2023-09-11 07:29:48.501974
PO-0646453,1,X,M,8692,1205,207.79,2025-03-04 22:48:13.959631,
PO-0154333,1,C,S,6227,1852,513.34,2024-06-06 11:19:51.081601,2024-06-18 09:51:02.995697
PO-0154333,2,X,S,88,204,726.99,2024-05-18 22:25:47.438468,
PO-0154333,3,C,S,3278,1675,755.16,2024-06-16 23:42:32.363653,2024-07-05 02:49:30.121569
PO-0154333,4,C,S,1502,22,623.8,2024-06-14 15:07:07.315269,2024-07-03 04:36:48.103232
PO-4138501,1,O,S,7597,1202,784.06,2025-01-01 17:11:02.917229,
PO-4138501,2,O,M,6670,30,306.01,2024-11-06 22:42:15.608230,
PO-4138501,3,C,M,3566,205,320.18,2024-10-15 07:50:38.100299,2024-10-21 21:47:02.564160
PO-8478594,1,X,S,2445,1953,379.89,2023-11-26 23:08:00.505233,
PO-8478594,2,X,S,8555,443,751.5,2023-10-20 15:11:41.231718,
PO-8810114,1,C,S,4503,1954,368.71,2024-01-01 23:18:40.565770,2024-01-07 01:02:28.284442
PO-3505603,1,C,S,4561,1066,126.09,2025-06-23 09:52:59.762873,2025-07-02 12:09:04.539363
PO-3505603,2,O,M,6633,431,195.06,2025-05-13 05:20:40.095021,
PO-3505603,3,X,S,9320,1271,667.61,2025-07-22 12:45:43.315054,
PO-3505603,4,X,S,4509,1189,10.86,2025-07-13 16:28:42.850254,
PO-5017593,1,O,M,9525,978,52.48,2024-02-25 22:27:41.554829,
PO-5017593,2,X,M,7271,1598,200.94,2024-05-11 00:49:40.186822,
PO-5017593,3,X,M,9700,2000,64.34,2024-05-16 10:56:36.472255,
PO-5017593,4,O,S,108,1230,104.33,2024-02-18 08:33:25.385374,
PO-9686035,1,C,S,9834,1199,607.08,2023-12-01 15:19:58.739688,2023-12-06 19:34:34.808158
PO-9686035,2,C,M,5006,521,364.54,2023-12-03 10:04:04.426499,2023-12-10 00:09:37.889585
PO-1637301,1,X,M,5905,510,56.64,2025-03-13 07:12:16.672837,
PO-1637301,2,C,M,4128,231,681.38,2025-03-07 20:41:28.072119,2025-03-13 09:35:13.930045
PO-1637301,3,C,S,3635,1693,50.7,2025-05-15 03:42:40.650236,2025-06-04 16:38:56.470903
PO-1637301,4,O,S,1620,911,738.83,2025-03-27 17:53:44.995169,
PO-1726010,1,O,M,284,472,795.09,2024-03-04 10:32:05.031937,
PO-1726010,2,O,M,5199,1182,13.6,2023-12-30 10:03:36.754818,
PO-8695040,1,O,M,8167,141,446.41,2024-08-22 09:20:47.836806,
PO-9992425,1,O,S,2032,1005,166.85,2025-03-15 01:33:24.750699,
PO-9992425,2,O,S,4199,981,549.5,2025-01-08 12:29:39.929632,
PO-5640868,1,C,S,7626,1641,768.87,2024-11-25 11:58:27.191566,2024-12-03 16:31:34.505973
PO-5640868,2,X,S,4562,171,652.28,2025-01-16 07:07:42.661625,
PO-9836555,1,O,S,5621,1511,618.32,2023-11-21 21:53:56.697854,
PO-9836555,2,C,M,2405,1765,633.55,2023-10-11 16:23:25.094980,2023-10-23 07:53:48.003691
PO-0615969,1,O,M,7084,1845,72.32,2023-10-18 22:51:52.878578,
PO-0615969,2,X,S,6340,1229,479.26,2023-09-25 01:52:52.832380,
PO-0249988,1,X,M,4427,1339,282.3,2024-11-22 11:02:43.445598,
PO-0249988,2,O,M,1813,1872,494.55,2024-10-15 14:08:50.121894,
PO-6229077,1,O,M,5419,1411,596.43,2024-12-21 23:42:14.830104,
PO-6229077,2,C,S,8994,226,454.03,2024-11-24 15:58:08.125587,2024-11-29 03:12:55.692180
PO-6229077,3,X,S,6712,1092,469.85,2024-09-20 06:33:50.106682,
PO-6229077,4,C,M,672,1665,368.1,2024-09-10 22:24:51.703300,2024-10-09 16:16:14.316475
PO-5678180,1,O,S,1429,69,380.35,2025-03-06 01:19:34.161684,
PO-5678180,2,C,M,5718,1750,402.86,2025-04-26 10:17:17.214367,2025-05-08 13:09:53.745116
PO-5678180,3,O,S,40,1759,695.48,2025-05-11 01:04:09.189045,
PO-9725902,1,O,M,9639,383,14.72,2024-01-24 00:19:50.828572,
PO-9725902,2,O,M,2137,622,205.7,2024-01-21 15:33:31.231983,
PO-9725902,3,O,M,7946,686,399.98,2024-04-13 01:52:55.641926,
PO-3818109,1,O,S,258,1620,636.42,2025-05-04 01:04:02.792290,
PO-3818109,2,C,M,3086,422,423.56,2025-05-26 10:26:16.156612,2025-06-20 23:22:28.748287
PO-3818109,3,O,M,5263,83,679.35,2025-06-03 15:47:53.126632,
PO-8340699,1,C,S,376,173,683.36,2023-11-22 12:18:45.514307,2023-12-09 08:26:09.849772
PO-7644633,1,O,S,3769,1902,254.44,2025-07-25 02:15:26.139641,
PO-5134502,1,O,S,8384,717,240.38,2025-04-11 11:44:33.228110,
PO-5134502,2,O,M,4305,1943,11.81,2025-04-16 08:52:52.143607,
PO-5134502,3,C,M,4318,1085,412.77,2025-02-17 15:43:24.585953,2025-03-14 17:44:37.851221
PO-5134502,4,C,S,6693,24,625.14,2025-04-04 08:56:06.925961,2025-05-02 21:21:27.171619
PO-8328645,1,X,M,7323,473,539.26,2024-06-28 21:33:01.217428,
PO-3133577,1,C,M,5501,1378,624.3,2025-02-19 05:21:01.366220,2025-02-24 02:37:00.576793
PO-3133577,2,X,M,9509,1245,161.09,2024-11-11 15:27:18.384837,
PO-2630329,1,C,M,6548,495,184.31,2024-03-04 13:07:38.599736,2024-03-11 21:11:36.197000
PO-2630329,2,O,M,5670,830,304.35,2024-03-30 01:24:46.986794,
PO-5924012,1,C,M,7795,262,90.9,2024-02-07 07:57:29.390778,2024-02-13 11:58:26.413387
PO-5924012,2,C,S,8897,722,261.18,2023-12-02 00:18:28.993665,2023-12-20 12:15:51.746672
PO-5924012,3,O,S,2857,351,741.37,2023-11-02 02:10:46.299651,
PO-5924012,4,C,M,8730,1255,374.14,2024-01-21 17:17:02.990222,2024-02-03 00:09:31.755699
PO-1307774,1,X,M,7239,647,458.4,2023-10-20 19:46:56.419662,
PO-1307774,2,O,S,9242,1084,723.28,2023-10-14 19:29:25.595714,
PO-7076349,1,X,M,5029,1393,258.61,2025-01-08 09:16:15.481676,
PO-2375129,1,O,M,2951,1114,185.0,2023-08-04 05:21:58.374798,
PO-6782357,1,O,M,1689,84,288.91,2024-05-13 05:51:31.475703,
PO-6782357,2,C,S,9125,979,311.16,2024-05-19 20:20:03.621893,2024-06-14 01:38:13.332598
PO-8205532,1,O,M,2409,1044,527.29,2024-11-22 02:39:18.402876,
PO-2854903,1,O,S,9355,456,326.49,2025-06-09 05:10:59.551060,
PO-2854903,2,C,S,2042,55,549.94,2025-06-07 20:05:04.536741,2025-06-15 12:51:53.038567
PO-1254493,1,O,S,3789,419,526.64,2025-03-15 12:19:48.922845,
PO-6005450,1,C,M,2690,1593,7.12,2025-07-21 02:11:17.224835,2025-08-09 06:23:27.445529
PO-8779408,1,C,S,2905,1007,422.17,2024-06-22 21:22:57.644519,2024-07-13 13:07:24.992508
PO-8779408,2,O,M,1502,1666,187.91,2024-08-21 07:05:02.527329,
PO-8779408,3,C,M,3905,1632,500.72,2024-07-06 07:19:02.300959,2024-07-06 21:12:50.275099
PO-8779408,4,O,M,4043,138,95.4,2024-05-23 12:38:26.779405,
PO-4699380,1,C,M,6113,1866,599.04,2024-04-29 07:48:58.880201,2024-04-30 01:53:01.055137
PO-4699380,2,O,S,1105,1907,456.92,2024-04-13 19:14:53.094569,
PO-4699380,3,O,M,9689,1187,728.97,2024-03-20 23:43:36.941733,
PO-0589114,1,X,M,2307,704,196.42,2023-07-04 07:27:24.016847,
PO-6538136,1,O,M,2073,270,226.84,2024-04-27 02:40:55.829184,
PO-6538136,2,O,M,4124,497,141.8,2024-04-23 11:42:07.733656,
PO-6948205,1,O,M,1948,220,422.12,2024-08-11 18:31:12.755356,
PO-6948205,2,X,M,1623,1136,424.85,2024-08-29 03:16:58.540510,
PO-6948205,3,O,M,5450,938,550.1,2024-09-05 07:56:12.885028,
PO-6948205,4,X,M,661,1410,656.57,2024-08-14 05:50:40.289000,
PO-1597292,1,C,M,3940,1780,649.18,2024-07-16 09:37:57.172634,2024-07-19 08:11:20.125570
PO-1597292,2,C,S,5816,1951,691.31,2024-07-23 16:16:56.195882,2024-08-13 04:09:50.064616
PO-1597292,3,X,S,5591,404,752.39,2024-06-26 04:37:31.224062,
PO-1597292,4,O,M,2363,188,247.29,2024-05-19 11:24:04.383059,
PO-8799421,1,O,M,591,880,443.88,2024-09-01 12:44:10.118671,
PO-8799421,2,O,S,2403,1514,326.92,2024-11-03 04:17:05.269197,
PO-4908199,1,O,M,8018,857,481.58,2024-10-02 18:42:30.157520,
PO-4908199,2,C,M,8595,950,209.57,2024-09-04 01:14:26.759030,2024-09-06 12:25:57.651270
PO-4908199,3,O,M,5510,1875,472.02,2024-10-15 22:26:46.564492,
PO-2988720,1,X,S,7408,23,515.87,2024-12-05 07:17:12.264224,
PO-2988720,2,C,M,7702,116,50.61,2024-10-10 14:15:15.261646,2024-10-12 11:23:40.275125
PO-2988720,3,C,M,2385,126,745.37,2025-01-19 07:30:48.861506,2025-02-07 17:37:13.295729
PO-5754603,1,X,M,8531,1904,482.55,2025-03-23 13:28:41.820226,
PO-5134024,1,O,M,8261,537,427.56,2023-10-31 21:21:40.888022,
PO-5134024,2,X,S,1735,812,709.45,2023-11-17 13:05:15.130123,
PO-0676705,1,C,M,9404,258,59.13,2023-08-05 15:47:49.481561,2023-08-21 15:53:22.265125
PO-0676705,2,O,M,8260,724,290.45,2023-07-04 23:13:56.908730,
PO-0676705,3,C,M,5725,977,688.88,2023-05-16 15:28:06.456951,2023-05-29 15:36:30.906847
PO-6853764,1,C,S,5423,254,255.86,2025-05-14 03:27:46.241453,2025-05-20 23:28:17.032362
PO-6853764,2,X,S,9732,1875,38.01,2025-07-08 20:32:09.974803,
PO-6853764,3,C,S,9882,1990,394.81,2025-07-11 20:23:32.558452,2025-08-04 18:49:54.810735
PO-6853764,4,O,S,5344,780,582.35,2025-05-01 23:34:57.399450,
PO-7028792,1,X,M,577,311,250.84,2025-01-09 12:06:18.125801,
PO-7028792,2,X,M,5898,1610,799.68,2024-12-26 23:48:41.304915,
PO-7028792,3,O,S,4327,873,690.83,2024-12-30 22:25:06.351159,
PO-7028792,4,O,M,6862,900,531.57,2025-02-07 09:06:02.239791,
PO-0614496,1,X,M,555,993,258.61,2023-09-27 19:07:19.830476,
PO-9463926,1,C,M,5989,1012,468.22,2024-01-13 22:24:17.070307,2024-01-27 15:26:47.542981
PO-9463926,2,O,S,9310,516,477.56,2023-11-07 22:57:57.837729,
PO-1379385,1,O,M,5813,963,35.05,2025-04-09 02:20:32.787326,
PO-1379385,2,X,M,6954,1994,86.25,2025-05-21 15:28:16.980141,
PO-1379385,3,O,M,1170,287,248.88,2025-06-06 21:41:11.926812,
PO-1379385,4,O,S,2007,1180,752.42,2025-04-19 20:08:54.896487,
PO-5228831,1,O,S,6082,1995,556.09,2023-11-30 07:17:57.564470,
PO-3018977,1,O,M,9626,1869,466.93,2023-07-12 10:31:56.682707,
PO-3018977,2,X,S,1722,56,766.07,2023-08-29 10:50:59.092044,
PO-3018977,3,X,S,7106,545,128.45,2023-10-03 06:09:06.170456,
PO-9386959,1,C,M,5429,1726,535.11,2024-06-24 15:54:13.239078,2024-07-09 14:13:36.611672
PO-9386959,2,O,S,6028,1329,228.69,2024-08-20 01:19:17.294099,
PO-4232464,1,O,S,7619,1717,754.51,2025-04-16 13:59:17.020905,
PO-4232464,2,X,M,2656,1194,484.73,2025-03-16 08:57:19.893617,
PO-4232464,3,C,S,9062,1291,568.97,2025-05-12 10:50:09.192356,2025-05-17 09:18:42.328879
PO-7568216,1,C,M,5352,1731,419.07,2023-12-11 00:57:27.698929,2024-01-09 04:29:45.413876
PO-7568216,2,C,S,5151,1422,149.79,2023-10-16 18:37:57.327565,2023-11-10 06:11:58.967451
PO-0062001,1,C,M,6033,261,586.66,2023-10-25 03:56:38.939420,2023-11-06 05:30:11.007910
PO-4984013,1,C,M,1442,1646,378.08,2024-01-20 03:15:39.126876,2024-02-05 06:40:36.094723
PO-7736087,1,X,M,2864,1713,238.64,2024-12-27 19:49:19.970943,
PO-7736087,2,O,S,4236,1111,491.05,2025-01-17 22:21:30.292202,
PO-7736087,3,C,M,6226,621,303.9,2025-01-16 19:18:31.119268,2025-02-11 22:45:06.805648
PO-7736087,4,C,S,7272,1908,342.43,2024-11-10 09:00:57.012755,2024-12-07 09:14:24.591719
PO-3504471,1,O,M,3179,1434,262.59,2024-12-09 12:59:37.709853,
PO-3504471,2,O,M,4469,545,437.16,2024-12-10 12:52:07.179661,
PO-1561411,1,X,M,5108,729,296.86,2023-09-25 23:26:17.895247,
PO-2061993,1,O,M,9108,1366,13.35,2025-01-30 18:35:16.758483,
PO-2061993,2,C,S,5703,303,487.52,2025-01-07 18:44:34.770057,2025-02-04 00:55:35.596758
PO-2061993,3,O,M,6858,287,660.02,2025-01-04 00:13:59.795212,
PO-1205497,1,O,M,4409,568,251.78,2024-12-04 11:05:20.416524,
PO-1205497,2,O,S,2204,1573,595.25,2024-12-12 02:39:25.379858,
PO-1205497,3,X,M,3320,637,80.71,2025-01-20 18:19:33.616287,
PO-2258543,1,X,S,2189,399,385.3,2023-10-28 12:36:26.348051,
PO-4684153,1,X,S,2763,1833,752.06,2023-11-01 19:11:16.731700,
PO-4684153,2,O,S,1372,1661,184.55,2023-10-26 00:00:38.849926,
PO-4684153,3,O,S,6596,1801,547.83,2023-10-28 11:45:23.426155,
PO-2127624,1,C,M,6346,736,190.31,2025-03-01 19:26:27.189739,2025-03-18 00:40:52.074429
PO-2127624,2,X,M,6866,1359,731.26,2025-03-05 10:03:06.135951,
PO-2127624,3,O,M,7892,118,50.71,2025-04-16 13:01:00.277358,
PO-2127624,4,O,S,9130,1378,583.77,2025-05-14 22:42:27.093778,
PO-5221579,1,O,S,3920,941,448.74,2024-04-25 04:02:48.370286,
PO-5221579,2,O,S,9509,482,160.99,2024-05-06 08:26:50.835052,
PO-5221579,3,C,M,870,482,483.9,2024-04-01 19:14:36.970551,2024-04-21 01:50:16.741322
PO-5462874,1,C,S,8177,104,569.08,2024-10-18 10:45:43.189838,2024-11-08 21:08:03.043354
PO-5462874,2,X,M,8198,1374,196.8,2025-01-20 07:13:24.147923,
PO-5462874,3,X,M,5946,699,38.33,2024-12-15 18:19:08.156397,
PO-5462874,4,O,S,9364,790,124.68,2024-11-22 00:13:05.581799,
PO-0963897,1,O,S,7263,273,669.66,2024-06-23 15:56:59.145831,
PO-0963897,2,O,S,4994,1428,513.85,2024-08-29 05:42:33.218514,
PO-0963897,3,X,M,1759,1479,607.34,2024-07-11 21:09:44.915073,
PO-0963897,4,O,S,1013,1388,347.61,2024-10-09 04:58:39.404531,
PO-9938866,1,X,M,682,1092,338.75,2024-12-02 10:30:44.325537,
PO-9938866,2,O,S,6309,119,210.31,2024-09-11 19:49:17.097783,
PO-7820572,1,X,M,3276,1524,533.53,2024-07-18 14:40:13.235204,
PO-7820572,2,X,M,5504,287,369.86,2024-09-01 09:10:37.341462,
